Expedition,Site,Hole,Core,Core type,Section,Sample Top Depth in Section [cm],Sample Bottom in Section [cm],Combined ID,Sampling type,Top Depth of Sample [m b.s.f.],Salinity [‰],NH4 [mM],pH [-],Alkalinity [mM],H2S  [mmol],Cl [mM],SO4 [mM],Br [mM],Al [µM],B [µM],Ba [µM],Ca [mM],Fe [µM],K [mM],Li [µM],Mg [mM],Mn [µM],Mo [µM],Na [mM],Ni [µM],P [µM],S [mM],Si [µM],Sr [µM],Comments,Combined ID,Sample Size,Top Depth of Sample [m b.s.f.],Lithology,Disturbance,Core image Evaluation (onshore) Reviewer 1 Thomas,Core image Evaluation (onshore) Reviewer 2 Rebecca,Core image Evaluation (onshore) Reviewer 3 Takeshi,Core image offshore Thomas,contamination Thomas and Rebecca,Medium confidence Rebecca,contamination Takeshi,Contamination all               (all 3 vote for contamination),Medium confidence     (min 1 and max 2 vote for contamination),Contamination,comment
501,M0111,A,1,H,1,130,130,501_M0111_A_001H_1_WR:130-130_1,IWRH1,1.3,32.43,,7.48,3.55,0.001,513.938,26.583,0.775,0.519,367.160,0.066,9.321,0.913,8.673,19.597,47.141,0.692,0.073,391.866,3.084,6.748,24.881,108.722,75.599,,501_M0111_A_001H_1_WR:130-130_1,22,1.3,"medium, loose sand",slight,"shells, disturbed sands above",,"loose sand, disturbed",,,,Y,,Y,Y,"According to Log-sheet, IWSQ1(145-150) and IWRH1(130-130) have same ID (IW-GWQ1)"
501,M0111,A,2,H,1,133,133,501_M0111_A_002H_1_WR:133-133_1,IWRH2,3.73,31.95,0.03,7.43,4.48,0.000,508.092,26.130,0.758,,,,,,,,,,,,,,,,,,501_M0111_A_002H_1_WR:133-133_1,22,3.73,fine sand,slight,shells and sands above,,"loose sand, disturbed",,,,Y,,Y,Y,"According to Log-sheet, SQ2(147-151) and IWRH2(133-133) have same ID (IW-CN)"
501,M0111,A,3,H,1,131,131,501_M0111_A_003H_1_WR:131-131_1,IWRH3,5.77,32.16,,7.48,5.42,,508.692,26.090,0.756,,,,,,,,,,,,,,,,,,501_M0111_A_003H_1_WR:131-131_1,22,5.77,fine sand ,slight,"coherent above and below, standing water in section above",,"loose sand, disturbed",,,,Y,,Y,Y,
501,M0111,A,4,H,1,127,127,501_M0111_A_004H_1_WR:127-127_1,IWRH1,8.16,32.06,0.03,6.87,3.16,0.000,507.841,26.148,0.762,0.111,387.697,0.182,9.598,9.722,9.652,21.182,48.704,0.582,0.302,417.573,0.954,4.585,26.067,90.317,79.731,,501_M0111_A_004H_1_WR:127-127_1,22,8.16,fine sands,slight,"crack above, reworked/ disturbed in the zone of the Rhizone, shell fragment below",,"sand, disturbed",,,,Y,,Y,Y,"According to Log-sheet, SQ1(148-151) and IWRH1(127-127) have same ID (IW-GWQ1)"
501,M0111,A,5,H,1,126,126,501_M0111_A_005H_1_W:126-126_1,IWRH2,10.86,32.00,0.03,7.28,2.50,0.000,508.021,26.166,0.758,,,,,,,,,,,,,,,,,,501_M0111_A_005H_1_W:126-126_1,22,10.86,medium sands,slight,"medium to coarse sand, shells and granules, thin waterfilm between material and liner",,"loose sand, disturbed",,,,Y,,Y,Y,
501,M0111,A,13,R,1,85,85,501_M0111_A_013H_1_WR:85-85_1,IWRH1,34.65,32.35,,6.78,2.47,0.000,512.293,26.167,0.763,0.371,435.985,0.269,9.618,4.297,9.675,17.723,47.594,3.240,0.135,415.094,0.136,7.233,25.530,94.268,78.761,,501_M0111_A_013H_1_WR:85-85_1,22,34.65,fine sands,slight,"coherent above and below, water on surface",,sand,,,,,,,,"According to Log-sheet, IWSQ1(119-125), SQ1(105-110), and IWRH1(85-85) have same ID (IW-GWQ1)"
501,M0111,A,14,H,1,125,125,501_M0111_A_014H_1_WR:125-125_1,IWRH2,34.6,31.61,,7.18,2.73,0.000,,,,,,,,,,,,,,,,,,,,,501_M0111_A_014H_1_WR:125-125_1,4,34.6,fine sand,slight,"coherent directly above and below, but 15 cm above big section with large shells",,"loose sand, disturbed",,,,Y,,Y,Y,"According to Log-sheet, SQ2(145-150) and IWRH2(125-125) have same ID (IW-CN)"
501,M0111,A,15,H,1,130,130,501_M0111_A_015H_1_WR:130-130_1,IWRH3,39.42,31.71,,7.14,2.54,,,,,,,,,,,,,,,,,,,,,,501_M0111_A_015H_1_WR:130-130_1,7,39.42,coarse sand  ,slight,"lot of water, sunken sand",,"loose sand, highly disturbed",,,,Y,,Y,Y,
501,M0111,A,18,H,1,37,37,501_M0111_A_018H_1_WR:37-37_1,IWRH3,43.69,32.19,,6.99,3.64,,,,,,,,,,,,,,,,,,,,,,501_M0111_A_018H_1_WR:37-37_1,15,43.69,coarse sand ,none,coherent above and below,,"loose sand, disturbed",,,,Y,,Y,Y,
501,M0111,A,20,H,1,120,120,501_M0111_A_020H_1_WR:120-120_1,IWRH1,47.4,32.08,,7.06,3.28,,508.704,25.885,0.758,0.111,298.612,0.328,10.382,3.993,8.164,15.274,48.457,11.412,0.021,415.094,0.273,7.717,25.605,216.305,79.582,,501_M0111_A_020H_1_WR:120-120_1,13,47.4,coarse sand,none,"coherent above and below, sunken in",,"loose sand, disturbed",,,,Y,,Y,Y,
501,M0111,A,21,H,2,105,105,501_M0111_A_021H_2_WR:105-105_1,IWRH2,49.82,32.08,0.18,7.00,3.05,0.002,509.308,25.684,0.764,,,,,,,,,,,,,,,,,,501_M0111_A_021H_2_WR:105-105_1,22,49.82,clay,none,"coherent above and below, lot of water",,"loose mud, highly disturbed",,,,Y,,Y,Y,
501,M0111,A,22,H,2,85,85,501_M0111_A_022H_2_WR:85-85_1,IWRH3,51.92,31.55,,7.12,3.94,,,,,,,,,,,,,,,,,,,,,,501_M0111_A_022H_2_WR:85-85_1,7,51.92,clay,moderate,"mud clasts, light turbations?",,"sandy mud, crack",,,,Y?,,Y,Y,"According to core image, the sampling depth looks at 95-96 cm (based on yellow tape). Depth 85cm looks fine, but 95-96cm may be contaminated"
501,M0111,A,24,H,1,75,80,501_M0111_A_024H_1_WR:75-80_1,IWRH1,55.67,31.53,0.17,6.88,3.34,,499.883,25.223,0.748,0.000,313.321,0.277,10.145,29.919,8.340,19.885,47.594,3.640,0.104,402.958,0.511,0.000,24.828,226.985,78.315,,501_M0111_A_024H_1_WR:75-80_1,20,55.67,coarse sand,slight,"coarse sand sunken in, water close to the liner",,"loose sand, highly disturbed",,,,Y,,Y,Y,
501,M0111,A,25,H,1,125,130,501_M0111_A_025H_1_WR:125-130_1,IWRH2,57.91,31.43,0.16,6.84,3.06,0.000,503.510,25.357,0.752,,,,,,,,,,,,,,,,,,501_M0111_A_025H_1_WR:125-130_1,20,57.91,coarse sand,slight,coherent above and below,,"loose sand, slightly disturbed",,,,Y?,,Y,Y,"According to Log-sheet, SQ2(149-151) and IWRH2(125-130) have same ID (IW-CN). The depth of IWRH2 should be 125-125 (based on core image)."
501,M0111,A,27,H,1,123,128,501_M0111_A_027H_1_WR:123-128_1,IWRH3,62.43,30.84,,7.19,3.33,,492.697,25.017,0.730,0.334,313.414,0.248,9.938,9.132,8.537,17.003,47.018,2.839,0.000,403.219,0.409,3.132,24.947,112.460,76.729,,501_M0111_A_027H_1_WR:123-128_1,30,62.43,coarse sand,slight,"coarse sand coherent above and below, 15 cam above large shell fragment",,"loose sand, disturbed",,,,Y,,Y,Y,
501,M0111,B,1,H,1,125,130,501_M0111_B_001H_1_WR:125-130_1,IWRH3,63.25,31.66,,7.16,3.20,,,,,,,,,,,,,,,,,,,,,,501_M0111_B_001H_1_WR:125-130_1,9,63.25,fine sand,slight,"coherent above and below, water on surface",,"loose sand, disturbed",,,,Y,,Y,Y,
501,M0111,B,2,H,2,70,70,501_M0111_B_002H_2_WR:70-70_1,IWRH1,65.84,31.81,0.16,6.81,3.10,,504.801,25.525,0.751,0.037,308.511,0.262,10.197,61.808,8.049,16.715,48.252,3.895,0.000,399.870,0.716,3.713,25.168,203.631,78.783,,501_M0111_B_002H_2_WR:70-70_1,22,65.84,medium sand ,slight,"slightly collapsed sections nearby, otherwise coherent above",,"loose sand, disturbed",,,,Y,,Y,Y,
501,M0111,B,3,H,1,120,120,501_M0111_B_003H_1_WR:120-120_1,IWRH2,67.26,31.60,0.15,6.84,2.96,0.000,503.402,25.430,0.756,,,,,,,,,,,,,,,,,,501_M0111_B_003H_1_WR:120-120_1,18,67.26,medium sand ,slight,coherent above and below,,loose sand,,,,,,,,
501,M0111,B,4,H,1,120,125,501_M0111_B_004H_1_WR:120-125_1,IWRH3,69.4,31.73,,7.08,2.74,,,,,,,,,,,,,,,,,,,,,,501_M0111_B_004H_1_WR:120-125_1,5,69.4,very coarse sand,none,"coarse sand, slightly sunken in /collapsed, water",,"loose sand, disturbed",,,,Y,,Y,Y,
501,M0111,B,12,R,2,0,6,501_M0111_B_012R_2_WR:0-6_1,IWSQ1,77.38,28.84,0.29,7.31,3.17,,459.476,18.507,0.691,0.000,286.772,0.684,10.559,0.412,9.870,20.317,42.205,1.402,0.292,356.503,0.000,5.780,18.350,94.090,77.448,,501_M0111_B_012R_2_WR:0-6_1,20,77.38,clay,slight,section below shows broken laminated clay,,compacted (not hard) laminated clay,,,,,,,,
501,M0111,B,13,R,2,0,5,501_M0111_B_013R_2_WR:0-5_1,IWSQ2,80.5,27.00,0.34,7.16,3.12,0.000,,,,,,,,,,,,,,,,,,,,,501_M0111_B_013R_2_WR:0-5_1,20,80.5,clay,slight,section below shows broken laminated clay with ,,compacted (not hard) clay,,,,,,,,
501,M0111,B,14,R,1,143,148,501_M0111_B_014R_1_WR:143-148_1,IWSQ3,84.03,26.37,,7.26,2.75,,,,,,,,,,,,,,,,,,,,,,501_M0111_B_014R_1_WR:143-148_1,20,84.03,clay ,none,section above very coherent,,compacted (not hard) clay,,,,,,,,
501,M0111,B,19,R,1,23,23,501_M0111_B_019R_1_WR:23-23_1,IWRH1,94.33,29.42,,7.22,2.21,,,,,,,,,,,,,,,,,,,,,,501_M0111_B_019R_1_WR:23-23_1,1,94.33,fine sand,slight,"water between sediment and liner, sligtly sunken in",,"loose sand, disturbed",water in the liner,Y,,Y,Y,,YY,
501,M0111,B,21,H,1,125,130,501_M0111_B_021H_1_WR:125-130_1,IWRH1,97.7,30.47,0.29,6.86,3.38,0.000,471.391,23.874,0.700,0.519,222.202,0.175,11.507,109.239,5.954,16.859,45.907,5.005,0.000,363.114,0.153,4.779,23.366,120.755,79.628,,501_M0111_B_021H_1_WR:125-130_1,33,97.7,very coarse sand,slight,"coherent above and below, slightly sunken in, watery",,loose sand,water in the liner,Y,,Y,Y,,YY,
501,M0111,B,24,R,1,101,107,501_M0111_B_024R_1_WR:101-107_1,IWSQ2,102.85,26.14,0.25,7.00,3.45,0.000,,,,,,,,,,,,,,,,,,,,,501_M0111_B_024R_1_WR:101-107_1,14,102.85,clay ,slight,coherent above and below,,compacted (not hard) clay,,,,,,,,
501,M0111,B,26,R,1,125,130,501_M0111_B_026R_1_WR:125-130_1,IWRH3,107.85,23.71,,,,,,,,,,,,,,,,,,,,,,,,,501_M0111_B_026R_1_WR:125-130_1,13,107.85,clay ,slight,coherent above and below,,compacted (not hard) clay,,,,,,,,
501,M0111,B,27,R,1,145,150,501_M0111_B_027R_1_WR:145-150_1,IWSQ1,111.05,18.04,,7.15,3.55,,278.464,14.647,0.404,0.000,338.020,0.335,5.896,0.627,4.379,8.646,22.933,0.400,0.125,239.887,1.142,0.517,14.769,177.074,46.896,,501_M0111_B_027R_1_WR:145-150_1,12,111.05,clay ,slight,coherent above,,compacted (not hard) clay,,,,,,,,
501,M0111,B,28,R,1,144,150,501_M0111_B_028R_1_WR:144-150_1,IWSQ2,113.74,16.15,0.25,7.12,3.52,0.000,,,,,,,,,,,,,,,,,,,,,501_M0111_B_028R_1_WR:144-150_1,13,113.74,clay ,slight,coherent above,,compacted (not hard) clay,,,,,,,,
501,M0111,B,29,R,1,146,151,501_M0111_B_029R_1_WR:146-151_1,IWSQ3,116.76,14.36,,7.06,3.76,,,,,,,,,,,,,,,,,,,,,,501_M0111_B_029R_1_WR:146-151_1,1,116.76,clay ,slight,coherent above,,compacted (not hard) clay,,,,,,,,
501,M0111,B,30,R,1,145,150,501_M0111_B_030R_1_WR:145-150_1,IWSQ1,119.75,12.20,0.21,7.00,4.52,0.000,196.718,14.175,0.292,0.667,345.421,0.218,3.283,12.587,2.831,6.052,13.262,0.328,0.313,189.561,0.443,1.679,14.117,189.035,27.950,,501_M0111_B_030R_1_WR:145-150_1,17,119.75,clay ,slight,coherent above,,compacted (not hard) clay,,,,,,,,
501,M0111,B,31,R,1,144,150,501_M0111_B_031R_1_WR:144-150_1,IWSQ2,122.74,10.42,0.21,7.30,4.52,0.000,,,,,,,,,,,,,,,,,,,,,501_M0111_B_031R_1_WR:144-150_1,12,122.74,clay ,none,coherent above,,compacted (not hard) clay,,,,,,,,
501,M0111,B,33,R,1,56,61,501_M0111_B_033R_1_WR:56-61_1,IWSQ3,127.26,9.01,,7.27,4.83,,,,,,,,,,,,,,,,,,,,,,501_M0111_B_033R_1_WR:56-61_1,12,127.26,clay ,slight,coherent above,,compacted (not hard) clay,,,,,,,,
501,M0111,B,34,R,1,92,97,501_M0111_B_034R_1_WR:92-97_1,IWSQ1,122.44,10.39,,7.09,4.71,,152.900,11.721,0.227,0.037,393.617,0.211,2.230,3.080,2.132,11.527,9.280,0.218,0.354,157.068,0.375,2.163,11.956,202.741,19.505,,501_M0111_B_034R_1_WR:92-97_1,13.5,122.44,clay ,,"coherent above, looks little bit sandier",,compacted (not hard) clay,,,,,,,,
501,M0111,B,36,R,1,93,100,501_M0111_B_036R_1_WR:93-100_1,IWSQ2,126.5,9.37,0.17,7.21,5.65,0.000,,,,,,,,,,,,,,,,,,,,,501_M0111_B_036R_1_WR:93-100_1,15,126.5,clay ,none,coherent above,,compacted (not hard) clay,,,,,,,,
501,M0111,B,37,R,1,70,75,501_M0111_B_037R_1_WR:70-75_1,IWRH3,128.34,10.39,,7.37,5.31,,146.461,8.583,0.213,,,,,,,,,,,,,,,,,,501_M0111_B_037R_1_WR:70-75_1,23,128.34,very fine sand,slight,"lamination of fine sands and clay, between the 2 Rhizonspots open cut",,laminations of sand and mud,,,,Y,,Y,Y,
501,M0111,B,38,R,1,144,150,501_M0111_B_038R_1_WR:144-150_1,IWSQ1,130.83,8.89,,7.45,5.37,,142.773,7.373,0.218,,,,,,,,,,,,,,,,,,501_M0111_B_038R_1_WR:144-150_1,5,130.83,clay,none,coherent clay above and below,,compacted (not hard) clay with granules,,,,,,,,
501,M0111,B,39,R,1,142,149,501_M0111_B_039R_1_WR:142-149_1,IWSQ2,133.09,7.97,0.17,7.28,4.83,0.000,132.964,5.563,0.191,,,,,,,,,,,,,,,,,,501_M0111_B_039R_1_WR:142-149_1,7,133.09,fine sand/mud,none,coherent clay above and below,,compacted (not hard) clay,,,,,,,,
501,M0111,B,40,R,1,90,95,501_M0111_B_040R_1_WR:90-95_1,IWRH3,135.62,31.04,,7.16,3.24,,,,,,,,,,,,,,,,,,,,,,501_M0111_B_040R_1_WR:90-95_1,10,135.62,sand,slight,"Not Full, shrunken sand",,"sand, highly disturbed (90cm)",water in the liner,Y,,Y,Y,,YY,
501,M0111,B,41,R,1,120,125,501_M0111_B_041R_1_WR:120-125_1,IWRH1,138.97,9.84,0.17,7.58,4.75,,116.681,3.690,0.173,1.371,327.567,0.124,1.609,0.609,2.670,5.476,5.952,0.182,0.083,116.616,0.596,0.000,4.148,102.634,15.556,,501_M0111_B_041R_1_WR:120-125_1,15,138.97,course sand,slight,"channel in center of core?, water",,"sand, blocky",water in the liner,Y,,Y,Y,,YY,"According to Log-sheet, SQC1(145-150) and IWSQ1(120-125) have same ID (IW-GWQ1)"
501,M0111,B,43,R,1,55,60,501_M0111_B_043R_1_WR:55-60_1,IWRH2,144.42,10.54,,7.34,4.57,0.000,,,,,,,,,,,,,,,,,,,,,501_M0111_B_043R_1_WR:55-60_1,10,144.42,sand,slight,"gravel, irregular, not full on one side, water",,"sand, disturbed","not full, water in the liner",Y,,Y,Y,,YY,
501,M0111,B,44,R,1,130,135,501_M0111_B_044R_1_WR:130-135_1,IWRH3,147.41,18.75,,7.27,4.08,,,,,,,,,,,,,,,,,,,,,,501_M0111_B_044R_1_WR:130-135_1,15,147.41,med sand,slight,"Not Full, water",,very coarse sand,"gaps between liner and sediment, water",Y,,"Y, Y?",Y,,YY,"According to core imade, there is no water and gaps, but the very coarse sand sections are easily contamintaed."
501,M0111,B,46,R,1,145,150,501_M0111_B_046R_1_WR:145-150_1,IWSQ1,150.99,6.72,0.08,7.28,6.32,,108.804,4.233,0.161,,,,,,,,,,,,,,,,,,501_M0111_B_046R_1_WR:145-150_1,2,150.99,silt,slight,coherent mud above and below,,compacted (not hard) silt,,,,,,,,
501,M0111,B,47,R,1,130,135,501_M0111_B_047R_1_WR:130-135_1,IWRH2,153.51,4.86,,,,,78.751,2.790,0.120,4.225,391.582,0.000,0.851,0.806,1.814,7.349,3.312,0.218,0.000,84.689,0.000,1.324,3.269,98.647,7.247,,501_M0111_B_047R_1_WR:130-135_1,2,153.51,coarse sand,none,"structureless, coherent to sides?",,coarse sand,,,,Y?,,Y,Y,
501,M0111,B,48,R,1,25,30,501_M0111_B_048R_1_WR:25-30_1,IWRH3,155.51,5.41,0.09,8.10,5.65,0.000,,,,,,,,,,,,,,,,,,,,,501_M0111_B_048R_1_WR:25-30_1,8,155.51,coarse,,crack at 21? No structure,,coarse sand,,,,Y?,,Y,Y,
501,M0111,B,51,R,1,35,40,501_M0111_B_051R_1_WR:35-40_1,IWRHx,161.71,29.18,0.00,7.78,2.77,,,,,,,,,,,,,,,,,,,,,,501_M0111_B_051R_1_WR:35-40_1,20,161.71,coarse sand,slight,"some pitting, irregular surface, watery",,coarse sand,water in the liner,Y,,Y,Y,,YY,
501,M0111,B,54,R,1,10,15,501_M0111_B_054R_1_WR:10-15_1,IWRH1,165.56,29.73,,7.63,3.14,,460.797,23.130,0.686,,,,,,,,,,,,,,,,,,501_M0111_B_054R_1_WR:10-15_1,20,165.56,sand,slight,"huge crack, water",,"coarse sand, disturbed","gaps between liner and sediment, water",Y,,Y,Y,,YY,
501,M0111,B,57,R,1,36,41,501_M0111_B_057R_1_WR:36-41_1,IWRH3,167.82,11.65,,7.78,9.76,0.000,178.294,8.076,0.265,1.112,583.256,1.376,3.700,25.461,8.545,115.130,16.076,4.132,0.000,159.722,0.426,0.000,8.522,194.055,38.644,,501_M0111_B_057R_1_WR:36-41_1,20,167.82,silt,none,"bisquits, drilling mud inbetween",,highly biscuitted sand and silt,"not full, water in the liner",Y,,Y,Y,,YY,
501,M0111,B,59,R,2,31,36,501_M0111_B_059R_2_WR:31-36_1,IWRH3,170.53,6.87,0.09,7.99,6.79,,,,,,,,,,,,,,,,,,,,,,501_M0111_B_059R_2_WR:31-36_1,20,170.53,sand,moderate,laminae and dragging of edges,,"laminated sand, disturbed",,,,Y,,Y,Y,
501,M0111,B,60,R,2,142,148,501_M0111_B_060R_2_WR:142-148_1,IWSQ1,174.7,5.52,,7.93,5.85,,90.194,6.625,0.131,0.927,580.019,0.262,1.109,0.036,2.280,8.934,4.957,0.419,0.459,98.347,0.665,1.485,7.133,114.026,10.009,,501_M0111_B_060R_2_WR:142-148_1,20,174.7,mud,none,coherent clay above and below,,compacted (not hard) silt-clay,,,,,,,,
501,M0111,B,61,R,2,94,100,501_M0111_B_061R_2_WR:94-100_1,IWSQ2,178.05,5.08,0.07,7.95,7.09,0.000,,,,,,,,,,,,,,,,,,,,,501_M0111_B_061R_2_WR:94-100_1,20,178.05,clay,none,"coherent clay above and below, crack below 5 cm in section 3",,compacted (not hard) clay,,,,,,,,
501,M0111,B,62,R,2,90,95,501_M0111_B_062R_2_WR:90-95_1,IWSQ3,181.06,4.86,,,,,,,,,,,,,,,,,,,,,,,,,501_M0111_B_062R_2_WR:90-95_1,20,181.06,mud,none,coherent clay above and below,,compacted (not hard) sandy silt,,,,,,,,
501,M0111,B,63,R,2,94,100,501_M0111_B_063R_2_WR:94-100_1,IWSQ1,184.15,5.81,,7.37,7.37,0.000,77.401,10.361,0.110,1.853,726.642,0.000,0.997,0.698,2.003,5.331,3.823,0.291,0.240,97.042,0.324,1.679,10.755,108.580,9.393,,501_M0111_B_063R_2_WR:94-100_1,20,184.15,silt,none,"coherent clay above and below, crack below 5 cm in section 3",,compacted (not hard) silt,,,,,,,,
501,M0111,B,65,R,2,86,92,501_M0111_B_065R_2_WR:86-92_1,IWSQ2,190.16,5.16,0.07,8.13,8.56,,,,,,,,,,,,,,,,,,,,,,501_M0111_B_065R_2_WR:86-92_1,20,190.16,fine sand,,"laminae, fine cracks above, blocky below in top of section 3",,kamination of silt and sand,,,,,,,,
501,M0111,B,66,R,2,85,90,501_M0111_B_066R_2_WR:85-90_1,IWSQ3,193.2,5.76,,8.00,6.87,,,,,,,,,,,,,,,,,,,,,,501_M0111_B_066R_2_WR:85-90_1,4,193.2,silt,none,"homogenous mud, small gap 5 cm above WR",,compacted (not hard) sandy silt,,,,,,,,
501,M0111,B,68,R,1,144,150,501_M0111_B_068R_1_WR:144-150_1,IWSQ1,198.4,6.78,0.10,8.43,6.17,0.000,89.178,7.384,0.133,0.000,304.255,0.146,1.306,0.197,2.652,2.594,4.792,0.382,0.334,97.347,1.005,0.000,7.804,76.718,13.148,,501_M0111_B_068R_1_WR:144-150_1,18,198.4,sand,slight,"mixed sand, mud clasts, no obvious disturbanc above and below",,silty sand,,,,,,,,
501,M0111,B,69,R,1,144,150,501_M0111_B_069R_1_WR:144-150_1,IWSQ2,201.45,6.62,0.08,7.80,4.50,0.000,81.130,5.765,0.119,,,,,,,,,,,,,,,,,,501_M0111_B_069R_1_WR:144-150_1,21,201.45,mud,slight,"coherent, some cracks",,compacted (not hard) silt,,,,,,,,
501,M0111,B,70,R,2,12,18,501_M0111_B_070R_2_WR:12-18_1,IWSQ3,204.44,4.19,,7.76,4.22,,53.78422285,3.95090875,0.081065081,,,,,,,,,,,,,,,,,,501_M0111_B_070R_2_WR:12-18_1,19,204.44,silt,,"coherent, nothing below?",,compacted (not hard) silt,,,,,,,,"IC: DF 5, sampling ID A99"
501,M0111,B,72,R,1,85,90,501_M0111_B_072R_1_WR:85-90_1,IWRHx,208.18,20.78,,7.71,2.56,,,,,,,,,,,,,,,,,,,,,,501_M0111_B_072R_1_WR:85-90_1,5,208.18,loose sand,slight,"Not Full, bisquits, standing water",,"lamination of sand and silt, disturbed","no evaluation, reflection to strong",Y,,Y,Y,,YY,
501,M0111,B,73,R,1,125,130,501_M0111_B_073R_1_WR:125-130_1,IWRH1,211.08,29.84,,7.66,2.68,,461.240,23.291,0.670,0.000,381.684,0.932,10.077,9.722,8.376,16.138,42.575,4.896,0.396,378.295,0.051,0.743,22.898,59.701,88.416,,501_M0111_B_073R_1_WR:125-130_1,9,211.08,loose med sand,slight,Not Full,,"loose sand, disturbed",lot of water in the liner,Y,,Y,Y,,YY,
501,M0111,B,75,R,1,40,45,501_M0111_B_075R_1_WR:40-45_1,IWRHx,215.73,27.38,0.02,7.77,2.87,0.000,,,,,,,,,,,,,,,,,,,,,501_M0111_B_075R_1_WR:40-45_1,15,215.73,coarse sand,none,"Not full, standing water",,"loose sand, disturbed",quite some water in the liner,Y,,Y,Y,,YY,
501,M0111,B,78,R,1,45,50,501_M0111_B_078R_1_WR:45-50_1,IWRHx,220.38,29.15,,7.85,2.74,,455.214,23.039,0.669,,,,,,,,,,,,,,,,,For salinity average was calculated,501_M0111_B_078R_1_WR:45-50_1,7,220.38,coarse sand,none,"smeared material along side, distinct ridge-likely disturbance",,loose sand,lot of water in the liner,Y,,Y,Y,,YY,
501,M0111,B,84,R,1,94,100,501_M0111_B_084R_1_WR:94-100_1,IWSQ2,228.57,5.40,,7.81,2.81,,82.440,4.038,0.123,0.000,496.392,0.393,1.173,0.537,1.746,3.458,4.809,0.510,0.719,83.036,0.000,2.196,4.448,154.646,13.330,,501_M0111_B_084R_1_WR:94-100_1,20,228.57,mud,none,coherent mud above and below,,compacted (not hard) clay,,,,,,,,
501,M0111,B,86,R,1,145,150,501_M0111_B_086R_1_WR:145-150_1,IWSQ3,232.13,3.73,0.05,7.66,3.70,,70.40021721,3.767482772,0.108862328,1.186,433.488,0.430,0.954,0.591,1.582,1.585,3.996,0.801,0.302,71.205,0.000,0.000,3.812,151.798,10.477,,501_M0111_B_086R_1_WR:145-150_1,20,232.13,mud,none,"cracks above, but coherent clay",,compacted (not hard) clay,,,,,,,,"IC: DF 5, sampling ID A103"
501,M0111,B,88,R,1,116,122,501_M0111_B_088R_1_WR:116-122_1,IWSQ1,235.69,5.30,,7.71,3.17,,82.163,3.759,0.128,,,,,,,,,,,,,,,,,,501_M0111_B_088R_1_WR:116-122_1,17.8,235.69,silt,,coherent above and below,,compacted (not hard) silt,,,,,,,,
501,M0111,B,89,R,1,120,125,501_M0111_B_089R_1_WR:120-125_1,IWRH2,238.78,7.69,0.05,7.86,3.63,0.000,,,,,,,,,,,,,,,,,,,,,501_M0111_B_089R_1_WR:120-125_1,20,238.78,sand,slight,standing water irregular?,,"loose sand, disturbed",,,,Y,,Y,Y,
501,M0111,B,93,R,1,50,55,501_M0111_B_093R_1_WR:50-55_1,IWSQ3,245.78,3.22,,7.71,3.77,,52.81571509,3.312241584,0.081038798,0.852,467.160,0.546,0.518,0.000,1.405,1.441,2.208,0.309,0.000,59.417,0.000,0.000,3.334,158.918,6.266,,501_M0111_B_093R_1_WR:50-55_1,15,245.78,clay,slight,"coherent above and below, some drag on sides",,compacted (not hard) clay,,,,,,,,"IC: DF 5, sampling ID A105"
501,M0111,B,94,R,2,92,97,501_M0111_B_094R_2_WR:92-97_1,IWRH1,249.16,4.37,0.05,7.76,3.64,0.000,,,,,,,,,,,,,,,,,,,,,501_M0111_B_094R_2_WR:92-97_1,12,249.16,silt,,clay bounded by sharp contacts?,,silty sand,,,,Y?,,Y,Y,
501,M0111,B,95,R,1,65,70,501_M0111_B_095R_1_WR:65-70_1,IWRH2,250.43,4.78,,8.06,3.34,,,,,,,,,,,,,,,,,,,,,,501_M0111_B_095R_1_WR:65-70_1,1,250.43,silt,slight,"Not sure-streak looks superficial, thin planar  beds",,"silty sand, gap between core and liner",,,Y,Y?,,Y,Y,
501,M0111,B,96,R,1,65,70,501_M0111_B_096R_1_WR:65-70_1,IWRHx,252.18,24.08,,7.56,2.83,,,,,,,,,,,,,,,,,,,,,,501_M0111_B_096R_1_WR:65-70_1,16,252.18,fine sand,slight,"Not Full, Yikes",,"sand, disturbed",quite some water in the liner,Y,,Y,Y,,YY,
501,M0111,B,97,R,1,110,115,501_M0111_B_097R_1_WR:110-115_1,IWRH3,253.93,9.62,0.06,7.66,3.17,0.000,147.217,7.627,0.213,0.111,373.358,2.010,2.575,3.527,3.949,11.671,11.563,1.948,0.063,137.190,0.000,4.747,8.066,146.707,26.946,,501_M0111_B_097R_1_WR:110-115_1,26,253.93,sand,slight,"beds, dragged down, bisquits streak may be superficial, above water?",,"sand, disturbed","gaps, but no/ less water",Y,,Y,Y,,YY,
501,M0111,B,99,R,1,50,55,501_M0111_B_099R_1_WR:50-55_1,IWRHx,256.78,30.58,,7.89,3.07,,,,,,,,,,,,,,,,,,,,,,501_M0111_B_099R_1_WR:50-55_1,1,256.78,medium sand,slight,Not Full,,"sand, disturbed",water in the liner,Y,,Y,Y,,YY,
501,M0111,B,100,R,1,145,150,501_M0111_B_100R_1_WR:145-150_1,IWSQ1,260.38,7.03,0.06,7.60,3.64,0.000,,,,,,,,,,,,,,,,,,,,,501_M0111_B_100R_1_WR:145-150_1,22,260.38,clay,slight,"clear bedding, maybe cracks?",,"sandy silt, disturbed",,,,Y,,Y,Y,
501,M0111,B,101,R,1,142,148,501_M0111_B_101R_1_WR:142-148_1,IWSQ2,263.4,6.87,,7.48,3.18,,,,,,,,,,,,,,,,,,,,,,501_M0111_B_101R_1_WR:142-148_1,15,263.4,sand/silt,slight,"clear bedding, maybe cracks?",,"lamination of sand and silt, disturbed",,,,Y?,,Y,Y,
501,M0111,B,102,R,1,10,15,501_M0111_B_102R_1_WR:10-15_1,IWRH3,265.13,21.68,,,,,,,,,,,,,,,,,,,,,,,,,501_M0111_B_102R_1_WR:10-15_1,5,265.13,clay,slight,Possible conduit atBoundary at 10 cm?,, @10cm: boundary of sand and silt,quite some water in the liner,Y,,Y,Y,,YY,
501,M0111,B,103,R,2,145,150,501_M0111_B_103R_2_WR:145-150_1,IWSQ1,270.29,2.63,,7.97,4.08,,42.57756276,2.745422938,0.062708385,0.519,402.405,0.167,0.356,0.000,1.068,2.161,1.526,0.655,0.063,48.325,0.647,1.808,2.740,164.543,3.926,,501_M0111_B_103R_2_WR:145-150_1,15,270.29,mud,slight,coherent above and below,,compacted (not hard) silt,,,,,,,,"IC: DF 5, sampling ID A107"
501,M0111,B,104,R,2,144,150,501_M0111_B_104R_2_WR:144-150_1,IWSQ2,272.86,5.39,0.05,7.82,3.85,0.000,,,,,,,,,,,,,,,,,,,,,501_M0111_B_104R_2_WR:144-150_1,12,272.86,clay,slight,"coherent above, disturbed below",,silt,,,Y,,,Y,Y,
501,M0111,B,106,R,1,120,125,501_M0111_B_106R_1_WR:120-125_1,IWRH3,276.38,21.63,,7.60,3.11,,,,,,,,,,,,,,,,,,,,,,501_M0111_B_106R_1_WR:120-125_1,20,276.38,sand,,Not full,,"loose sand, disturbed",quite some water in the liner,Y,,Y,Y,,YY,
501,M0111,B,108,R,1,25,30,501_M0111_B_108R_1_WR:25-30_1,IWRHx,278.38,12.07,,7.78,3.27,,206.643,10.203,0.313,,,,,,,,,,,,,,,,,,501_M0111_B_108R_1_WR:25-30_1,20,278.38,sand,slight,Not full,,"loose sand, disturbed",lot of water in the liner,Y,,Y,Y,,YY,
501,M0111,B,114,R,1,95,101,501_M0111_B_114R_1_WR:95-101_1,IWSQ1,282.48,5.52,0.04,7.88,3.48,,88.052,4.243,0.135,0.000,398.520,0.670,1.223,0.215,1.957,7.493,5.492,2.239,0.406,87.951,0.426,0.000,4.691,140.797,14.700,,501_M0111_B_114R_1_WR:95-101_1,20,282.48,mud,,coherent above and below,,compacted (not hard) silt,,,,,,,,
501,M0111,B,115,R,1,143,150,501_M0111_B_115R_1_WR:143-150_1,IWSQ2,284.86,6.48,,7.88,3.39,,,,,,,,,,,,,,,,,,,,,,501_M0111_B_115R_1_WR:143-150_1,20,284.86,mud,none,disturbance? Along side above and below?,,compacted (not hard) silty sand,,,Y,Y?,,Y,Y,
501,M0111,B,116,R,2,58,63,501_M0111_B_116R_2_WR:58-63_1,IWSQ3,288.57,10.89,,7.63,2.77,0.000,,,,,,,,,,,,,,,,,,,,,501_M0111_B_116R_2_WR:58-63_1,20,288.57,coal,none,fractured above,,silt with granules,water in the liner,Y,,Y,Y,,YY,
501,M0111,B,119,R,1,39,44,501_M0111_B_119R_1_WR:39-44_1,IWRHx,293.22,31.48,0.00,7.72,2.63,,486.180,24.653,0.721,,,,,,,,,,,,,,,,,,501_M0111_B_119R_1_WR:39-44_1,4.9,293.22,sand,slight,fine sands along edges (disturbance),,loose sand,water in the liner,Y,,Y,Y,,YY,
501,M0111,B,121,R,1,94,100,501_M0111_B_121R_1_WR:94-100_1,IWSQ1,299.62,7.61,0.06,7.75,2.90,0.000,114.916,5.590,0.172,0.185,465.772,0.714,1.546,1.486,2.241,5.331,6.833,1.584,1.001,111.396,0.801,0.000,5.983,144.678,20.441,,501_M0111_B_121R_1_WR:94-100_1,20,299.62,mud rich,none,"laminae above, wood? Below",,lamination of sand and silt,,,,,,,,
501,M0111,B,122,R,1,85,91,501_M0111_B_122R_1_WR:85-91_1,IWSQ2,301.08,6.23,,7.81,3.50,,,,,,,,,,,,,,,,,,,,,,501_M0111_B_122R_1_WR:85-91_1,20,301.08,mud,,coherent above and below,,"compacted (not hard) clay, blocky",,,,,,,,
501,M0111,B,126,R,1,10,15,501_M0111_B_126R_1_WR:10-15_1,IWRH3,307.18,17.35,0.07,7.73,3.00,,267.588,13.781,0.394,0.000,381.314,1.485,5.207,2.489,4.824,7.061,22.707,4.405,0.021,224.010,0.068,0.000,13.868,108.686,57.784,,501_M0111_B_126R_1_WR:10-15_1,20,307.18,very coarse,slight,large cracks/conduits,,"lamination of very coarse and coarse sand, disturbed",water and gaps in the liner,Y,,Y,Y,,YY,
501,M0111,B,127,R,1,95,100,501_M0111_B_127R_1_WR:95-100_1,IWSQ1,311.08,8.67,0.07,7.71,3.67,0.000,130.663,6.383,0.195,,,,,,,,,,,,,,,,,,501_M0111_B_127R_1_WR:95-100_1,16,311.08,sand/silt,,"sand with flaky texture above and below, but contacts to mud near?",,lamination of sand and silt,,,,,,,,
501,M0111,B,128,R,1,144,151,501_M0111_B_128R_1_WR:144-151_1,IWSQ2,314.22,6.87,,7.70,3.76,0.000,105.350,4.517,0.159,1.446,444.033,0.386,1.227,0.215,2.010,4.035,5.413,1.402,0.000,106.525,0.682,1.518,5.000,157.779,16.412,,501_M0111_B_128R_1_WR:144-151_1,19.5,314.22,clay,,coherent above and below,,compacted (not hard) clay,,,,,,,,
501,M0111,B,129,R,1,145,150,501_M0111_B_129R_1_WR:145-150_1,IWSQ3,317.28,7.08,,7.65,3.41,,,,,,,,,,,,,,,,,,,,,,501_M0111_B_129R_1_WR:145-150_1,12,317.28,clay,,coherent above and below,,compacted (not hard) clay,,,,,,,,
501,M0111,B,130,R,1,130,135,501_M0111_B_130R_1_WR:130-135_1,IWRH1,320.18,14.54,,7.63,3.38,,231.601,11.239,0.341,0.111,405.458,2.032,3.792,12.587,7.570,45.533,17.026,5.461,0.000,200.739,0.954,2.906,11.360,269.099,40.265,,501_M0111_B_130R_1_WR:130-135_1,15,320.18,sand,,above: coarse,,loose sand,water in the liner,Y,,Y,Y,,YY,
501,M0111,B,133,R,1,125,130,501_M0111_B_133R_1_WR:125-130_1,IWRH2,327.38,27.45,,,,,,,,,,,,,,,,,,,,,,,,,501_M0111_B_133R_1_WR:125-130_1,20,327.38,fine sand,slight,Not full,,"loose sand, highly disturbed",lot of water in the liner,Y,,Y,Y,,YY,
501,M0111,B,134,R,1,50,55,501_M0111_B_134R_1_WR:50-55_1,IWRH3,329.48,30.44,,7.72,2.74,,463.273,23.591,0.676,2.780,350.509,0.677,9.394,4.691,7.903,19.020,41.711,10.211,0.334,388.691,1.005,12.335,22.764,55.785,71.605,,501_M0111_B_134R_1_WR:50-55_1,10,329.48,med sand,slight,"Not full, large gap",,"loose sand, highly disturbed",water in the liner,Y,,Y,Y,,YY,
501,M0111,B,135,R,1,50,55,501_M0111_B_135R_1_WR:50-55_1,IWRHx,331.33,28.72,,7.76,2.51,,442.982,22.459,0.658,,,,,,,,,,,,,,,,,,501_M0111_B_135R_1_WR:50-55_1,20,331.33,gravel to sand,slight,Not full,,"loose sand, highly disturbed",water in the liner,Y,,Y,Y,,YY,
501,M0111,B,139,R,1,26,31,501_M0111_B_139R_1_WR:26-31_1,IWRHx,336.59,31.30,0.00,7.63,3.18,,,,,1.149,349.954,0.597,9.396,0.895,8.256,23.775,43.562,5.515,1.428,386.037,1.687,9.493,23.634,46.956,73.157,,501_M0111_B_139R_1_WR:26-31_1,20,336.59,sand,slight,Not Full,,"loose sand, highly disturbed",lot of water in the liner,Y,,Y,Y,,YY,
501,M0111,B,144,R,1,20,25,501_M0111_B_144R_1_WR:20-25_1,IWRHx,344.63,31.08,0.01,7.73,2.73,0.000,,,,,,,,,,,,,,,,,,,,,501_M0111_B_144R_1_WR:20-25_1,20,344.63,sand,,Not Full,,"loose sand, disturbed",lot of water in the liner,Y,,Y,Y,,YY,
501,M0111,B,147,R,1,20,25,501_M0111_B_147R_1_WR:20-25_1,IWRHx,346.33,31.03,,7.50,2.71,,485.604,24.528,0.721,0.445,388.344,1.289,9.918,0.842,8.036,19.741,44.262,5.970,3.460,385.124,1.363,1.550,24.036,90.352,88.222,,501_M0111_B_147R_1_WR:20-25_1,20,346.33,sand,moderate,Very disturbed just above,,"loose sand, disturbed",water in the liner,Y,,Y,Y,,YY,
501,M0111,B,149,R,1,106,112,501_M0111_B_149R_1_WR:106-112_1,IWSQ1,349.09,23.73,,7.48,2.71,,,,,,,,,,,,,,,,,,,,,,501_M0111_B_149R_1_WR:106-112_1,20,349.09,silt,,"Platy, not full",,lamination of sand and silt,lot of water in the liner,Y,,Y,Y,,YY,
501,M0111,B,151,R,1,35,40,501_M0111_B_151R_1_WR:35-40_1,IWRH2,350.38,32.14,,7.77,2.54,,,,,,,,,,,,,,,,,,,,,,501_M0111_B_151R_1_WR:35-40_1,20,350.38,coarse sand pebbles,,Not full,,"very coarse sand, disturbed",lot of water in the liner,Y,,Y,Y,,YY,
501,M0111,B,152,R,1,13,18,501_M0111_B_152R_1_WR:13-18_1,IWRH3,351.41,27.75,,7.82,3.30,,423.233,21.835,0.620,1.371,351.619,0.430,8.498,1.218,6.885,15.850,37.976,6.680,0.500,343.845,1.431,5.134,21.519,69.527,71.559,,501_M0111_B_152R_1_WR:13-18_1,20,351.41,coarse sand pebbles,slight,"Loose, not full",,"loose sand, highly disturbed",lot of water in the liner,Y,,Y,Y,,YY,
501,M0111,B,158,R,1,57,62,501_M0111_B_158R_1_WR:57-62_1,IWSQ1,362.3,15.54,,7.36,3.95,,256.122,12.760,0.386,0.667,414.616,0.655,4.376,0.501,4.151,18.732,19.161,3.513,0.042,225.359,1.193,3.423,13.060,169.135,49.669,,501_M0111_B_158R_1_WR:57-62_1,15,362.3,mud,moderate,coherent above,,compacted (not hard) clay,lot of water in the liner,Y,,Y,Y,,YY,
501,M0111,B,160,R,1,15,20,501_M0111_B_160R_1_WR:15-20_1,IWRHx,366.23,18.40,,7.55,3.64,,,,,,,,,,,,,,,,,,,,,,501_M0111_B_160R_1_WR:15-20_1,20,366.23,coarse sand,,"mostly full, water",,"loose sand, disturbed",lot of water in the liner,Y,,Y,Y,,YY,
501,M0111,B,161,R,1,75,80,501_M0111_B_161R_1_WR:75-80_1,IWRHx,369.58,17.32,0.08,7.34,3.81,0.000,284.428,15.691,0.416,0.000,365.587,0.677,5.599,20.645,4.882,11.095,24.369,4.423,0.000,249.761,0.358,1.970,16.298,122.143,62.531,,501_M0111_B_161R_1_WR:75-80_1,20,369.58,med sand,slight,"sunken in, water",,"loose sand, highly disturbed",water in the liner,Y,,Y,Y,,YY,
501,M0111,B,165,R,1,115,120,501_M0111_B_165R_1_W:115-120_1,IWRH2,379.13,28.45,,7.82,3.20,,,,,,,,,,,,,,,,,,,,,,501_M0111_B_165R_1_W:115-120_1,20,379.13,coarse sand,,Not Full,,"loose sand, highly disturbed",water in the liner,Y,,Y,Y,,YY,
501,M0111,B,166,R,1,85,90,501_M0111_B_166R_1_WR:85-90_1,IWSQ3,381.88,21.59,,7.30,3.88,,357.919,18.147,0.534,0.000,482.979,1.668,7.106,117.081,5.895,26.225,30.222,10.648,0.177,303.436,0.187,0.775,18.132,187.255,82.630,,501_M0111_B_166R_1_WR:85-90_1,20,381.88,clay,slight,coherent above,,compacted (not hard) clay,water in the liner,Y,,Y,Y,,YY,
501,M0111,C,2,H,1,21,26,501_M0111_C_002H_1_WR:21-26_1,IWSQ3,47.88,32.62,,7.90,3.81,,,,,,,,,,,,,,,,,,,,,,501_M0111_C_002H_1_WR:21-26_1,20,47.88,fine sand,slight,coherent above,,compacted (not hard) silty sand,,,,,,,,
501,M0111,C,2,H,1,26,31,501_M0111_C_002H_1_WR:26-31_1,IWSQ2,47.93,32.40,0.16,7.74,4.47,0.000,513.312,26.328,0.766,0.630,351.989,0.539,10.387,1.271,9.895,18.876,47.635,7.809,0.803,431.622,0.170,4.973,26.578,503.738,82.458,,501_M0111_C_002H_1_WR:26-31_1,20,47.93,fine sand,slight,coherent above,,compacted (not hard) silty sand,,,,,,,,
501,M0111,C,2,H,1,51,57,501_M0111_C_002H_1_WR:51-57_1,IWSQ1,48.18,32.24,0.16,7.83,3.63,,513.362,26.184,0.764,0.000,327.197,0.466,10.282,0.251,9.657,18.300,47.018,7.044,0.844,425.489,0.000,5.166,25.939,526.522,80.107,,501_M0111_C_002H_1_WR:51-57_1,20,48.18,fine sand,slight,coherent above,,compacted (not hard) silty sand,,,,,,,,
501,M0111,C,6,H,1,36,41,501_M0111_C_006H_1_WR:36-41_1,IWSQ3,111.72,14.23,,7.94,3.03,,,,,,,,,,,,,,,,,,,,,,501_M0111_C_006H_1_WR:36-41_1,20,111.72,clay,moderate,coherent above,,compacted (not hard) silty clay,,,,,,,,
501,M0111,C,6,H,1,41,46,501_M0111_C_006H_1_WR:41-46_1,IWSQ2,111.77,13.41,0.20,7.99,4.31,0.000,204.727,14.227,0.302,,,,,,,,,,,,,,,,,,501_M0111_C_006H_1_WR:41-46_1,20,111.77,clay,moderate,coherent above,,compacted (not hard) silty clay,,,,,,,,
501,M0111,C,6,H,1,66,73,501_M0111_C_006H_1_WR:66-73_1,IWSQ1,112.02,13.47,,8.01,4.24,,208.044,14.355,0.313,0.222,389.732,0.299,3.473,0.107,3.292,9.654,13.965,0.491,0.386,198.869,0.511,0.904,14.470,189.925,29.993,For alkalinity average was calculated,501_M0111_C_006H_1_WR:66-73_1,20,112.02,clay,moderate,coherent above,,compacted (not hard) silty clay,,,,,,,,
501,M0111,C,8,R,1,65,70,501_M0111_C_008R_1_WR:65-70_1,IWSQ3,125.65,9.74,,8.17,5.72,,,,,,,,,,,,,,,,,,,,,For alkalinity average was calculated,501_M0111_C_008R_1_WR:65-70_1,20,125.65,mud,,coherent above,,compacted (not hard) silty sand,,,,,,,,
501,M0111,C,8,R,1,70,75,501_M0111_C_008R_1_WR:70-75_1,IWSQ2,125.7,9.57,0.16,8.12,5.52,0.000,,,,,,,,,,,,,,,,,,,,,501_M0111_C_008R_1_WR:70-75_1,20,125.7,mud,,coherent above,,compacted (not hard) silty sand,,,,,,,,
501,M0111,C,8,R,1,95,101,501_M0111_C_008R_1_WR:95-101_1,IWSQ1,125.95,9.08,,8.15,5.88,,132.490,9.636,0.192,0.000,402.683,0.204,1.782,0.107,2.157,8.646,7.088,0.182,0.177,138.973,0.579,2.874,9.878,191.242,15.430,,501_M0111_C_008R_1_WR:95-101_1,20,125.95,mud,,coherent above,,compacted (not hard) silty sand,,,,,,,,
501,M0111,C,9,R,1,115,120,501_M0111_C_009R_1_WR:115-120_1,IWSQ3,127.51,11.15,,8.07,5.25,,,,,,,,,,,,,,,,,,,,,For alkalinity average was calculated,501_M0111_C_009R_1_WR:115-120_1,20,127.51,mud,,coherent above,,compacted (not hard) silt,,,,,,,,
501,M0111,C,9,R,1,120,125,501_M0111_C_009R_1_WR:120-125_1,IWSQ2,127.56,11.86,0.17,8.09,5.13,0.000,,,,0.334,424.884,0.306,2.882,0.734,3.115,8.646,11.275,0.182,0.240,178.164,0.307,0.000,10.599,191.171,25.108,For alkalinity average was calculated,501_M0111_C_009R_1_WR:120-125_1,20,127.56,mud,,coherent above,,compacted (not hard) silt,,,,,,,,
501,M0111,C,9,R,1,145,151,501_M0111_C_009R_1_WR:145-151_1,IWSQ1,127.81,10.88,0.19,8.09,5.39,,164.051,10.137,0.244,0.704,411.933,0.255,2.471,0.609,2.885,6.772,9.712,0.164,0.344,157.851,0.545,1.421,10.340,154.859,21.685,For alkalinity average was calculated,501_M0111_C_009R_1_WR:145-151_1,20,127.81,mud,,coherent above,,compacted (not hard) silt,,,,,,,,
501,M0111,C,10,R,1,124,130,501_M0111_C_010R_1_WR:124-130_1,IWSQ1,151.24,6.60,,8.36,5.44,,106.254,3.518,0.164,0.185,456.892,0.117,1.245,0.179,2.394,9.942,4.784,0.218,0.573,106.742,0.494,4.811,3.980,116.056,10.477,For alkalinity average was calculated,501_M0111_C_010R_1_WR:124-130_1,20,151.24,clay,,coherent above,,compacted (not hard) silt,,,,,,,,
501,M0111,C,11,R,1,144,150,501_M0111_C_011R_1_WR:144-150_1,IWSQ2,154.44,6.70,0.10,8.17,5.20,0.000,109.099,4.051,0.164,,,,,,,,,,,,,,,,,For alkalinity average was calculated,501_M0111_C_011R_1_WR:144-150_1,20,154.44,fine sand,,coherent above,,compacted (not hard) lamination of silt and sand,,,,,,,,
501,M0111,C,12,R,1,123,128,501_M0111_C_012R_1_WR:123-128_1,IWSQ3,157.23,6.49,,8.63,4.92,,103.4180536,4.141132138,0.154580726,0.222,307.586,0.634,1.220,0.125,3.054,5.476,4.648,0.127,0.271,104.263,0.920,0.775,4.623,65.575,10.055,For alkalinity average was calculated,501_M0111_C_012R_1_WR:123-128_1,14.5,157.23,coarse sand,,cracks?,,compacted (not hard) sabd with granules,,,y,Y?,,Y,Y,
501,M0111,C,14,R,1,65,70,501_M0111_C_014R_1_WR:65-70_1,IWRH1,161.81,31.92,,8.21,3.28,,,,,,,,,,,,,,,,,,,,,For alkalinity average was calculated,501_M0111_C_014R_1_WR:65-70_1,20,161.81,very coarse,slight,Not Full,,"sand, highly disturbed",lot of water in the liner,Y,,Y,Y,,YY,"IC: DF 5, sampling ID A136"
501,M0111,C,14,R,1,92,98,501_M0111_C_014R_1_WR:92-98_1,IWC1,162.08,24.09,,,,,,,,,,,,,,,,,,,,,,,,,501_M0111_C_014R_1_WR:92-98_1,,162.08,very coarse,slight,Not Full,,"sand, disturbed",lot of water in the liner,Y,,Y,Y,,YY,
501,M0111,C,18,R,1,144,150,501_M0111_C_018R_1_WR:144-150_1,IWSQ2,169.8,18.72,0.18,8.06,4.36,0.000,270.915,13.680,0.404,2.261,390.009,2.425,5.180,0.340,6.246,24.784,24.048,0.946,0.167,218.008,0.733,3.584,13.665,68.601,46.667,For salinity and alkalinity average was calculated,501_M0111_C_018R_1_WR:144-150_1,20,169.8,medium sand,,section above looks like coherent medium to coarse sand,,lamination of sands,water in the liner,Y,,Y,Y,,YY,
501,M0111,C,22,R,1,38,43,501_M0111_C_022R_1_WR:38-43_1,IWSQ3,185.38,8.11,,8.09,6.76,,,,,,,,,,,,,,,,,,,,,For alkalinity average was calculated,501_M0111_C_022R_1_WR:38-43_1,20,185.38,silt,,"above: silt, fine sand, black, dense, no water",,thin laminations of silt and sand,,,,,,,,
501,M0111,C,22,R,1,48,54,501_M0111_C_022R_1_WR:48-54_1,IWSQ2,185.48,5.22,0.05,,,0.000,,,,,,,,,,,,,,,,,,,,,501_M0111_C_022R_1_WR:48-54_1,20,185.48,silt,,"above: silt, fine sand, black, dense, no water",,thin laminations of silt and sand,,,,,,,,
501,M0111,C,22,R,1,74,79,501_M0111_C_022R_1_WR:74-79_1,IWSQ1,185.74,6.56,0.08,8.15,8.16,0.000,95.64768688,9.880886058,0.139147685,0.000,555.689,0.189,1.363,0.483,2.244,9.654,5.356,0.510,0.042,111.440,0.068,0.000,11.216,123.282,13.034,"For salinity, cations, and alkalinity average was calculated",501_M0111_C_022R_1_WR:74-79_1,20,185.74,silt,,"above: silt, fine sand, black, dense, no water",,thin laminations of silt and sand,,,,,,,,"IC: DF 5, sampling ID A140"
501,M0111,C,23,R,1,10,15,501_M0111_C_023R_1_WR:10-15_1,IWRHx,186.46,16.35,,7.83,4.85,,247.689,15.741,0.365,2.113,470.860,0.146,4.965,3.724,4.223,8.357,19.626,1.802,0.052,210.657,0.000,0.452,15.287,105.020,46.405,,501_M0111_C_023R_1_WR:10-15_1,20,186.46,silt,,fractured ,,"laminations of silt and sand, fractured","looks like water in the liner, but quite some reflection",Y,,Y,Y,,YY,
501,M0111,C,27,R,1,113,118,501_M0111_C_027R_1_WR:113-118_1,IWSQ3,199.49,8.21,,8.63,5.84,,,,,,,,,,,,,,,,,,,,,,501_M0111_C_027R_1_WR:113-118_1,20,199.49,fine sand,,looks muddy and bit disturbed,,compacted (not hard) sand,,,y,,,y,Y,
501,M0111,C,27,R,1,118,123,501_M0111_C_027R_1_WR:118-123_1,IWSQ2,199.54,5.96,0.12,8.59,5.91,0.000,66.89055571,7.386157433,0.097782228,0.185,327.752,0.124,1.079,0.000,2.523,7.061,3.782,0.218,0.073,89.256,0.000,0.000,7.963,90.352,10.454,,501_M0111_C_027R_1_WR:118-123_1,20,199.54,fine sand,,looks muddy and bit disturbed,,compacted (not hard) sand,,,y,,,y,Y,"IC: DF 5, sampling ID A143"
501,M0111,C,27,R,1,143,150,501_M0111_C_027R_1_WR:143-150_1,IWSQ1,199.79,9.42,,8.85,4.50,,133.579,8.580,0.195,,,,,,,,,,,,,,,,,,501_M0111_C_027R_1_WR:143-150_1,20,199.79,fine sand,,looks muddy and bit disturbed,,compacted (not hard) sand,,,Y,,,Y,Y,
501,M0111,C,32,R,1,20,25,501_M0111_C_032R_1_WR:20-25_1,IWRH1,213.56,28.12,0.08,7.81,2.64,,435.500,22.014,0.644,0.371,357.354,1.813,9.444,8.648,7.627,19.164,38.301,3.058,0.177,335.798,0.716,2.971,20.543,98.896,96.827,For alkalinity average was calculated,501_M0111_C_032R_1_WR:20-25_1,20,213.56,med sand,high,YIKES,,"laminations of sand, highly disturbed",lot of water in the liner,Y,,Y,Y,,YY,
501,M0111,C,33,R,1,90,95,501_M0111_C_033R_1_WR:90-95_1,IWRH2,217.26,9.58,0.07,7.82,3.70,0.000,146.061,7.457,0.220,0.704,343.848,1.267,8.386,1.074,7.568,14.986,38.116,1.511,0.063,343.758,0.716,3.132,21.120,71.022,66.674,,501_M0111_C_033R_1_WR:90-95_1,20,217.26,sand,slight,"looks like medium sand with coarse particles, water at the liner",,"laminations of sand with pebbles, disturbed",lot of water in the liner,Y,,Y,Y,,YY,
501,M0111,C,33,R,1,60,65,501_M0111_C_033R_2_WR:60-65_1,IWRH3,218.39,30.11,,7.83,2.68,,,,,,,,,,,,,,,,,,,,,,501_M0111_C_033R_2_WR:60-65_1,20,218.39,sand,slight,"looks better than the one above (which has lower salinity) , above little water observable",,"laminations of sand with pebbles, disturbed",lot of water in the liner,Y,,Y,Y,,YY,
501,M0111,C,39,R,1,55,60,501_M0111_C_039R_1_WR:55-60_1,IWSQ3,229.91,3.64,,7.95,3.78,,,,,,,,,,,,,,,,,,,,,,501_M0111_C_039R_1_WR:55-60_1,20,229.91,clay,slight,above: consolidated clay,,compacted (not hard) silt,,,,,,,,
501,M0111,C,39,R,1,60,66,501_M0111_C_039R_1_WR:60-66_1,IWSQ2,229.96,3.59,0.03,7.97,3.95,0.000,47.59706629,3.223642079,0.068962453,,,,,,,,,,,,,,,,,,501_M0111_C_039R_1_WR:60-66_1,20,229.96,clay,slight,above: consolidated clay,,compacted (not hard) silt,,,,,,,,"IC: DF 5, sampling ID A147"
501,M0111,C,39,R,1,86,94,501_M0111_C_039R_1_WR:86-94_1,IWSQ1,230.22,3.43,,8.05,4.02,,47.15953456,3.207870631,0.068700876,0.000,445.421,0.153,0.388,0.054,1.131,3.170,1.563,0.200,0.094,53.328,0.375,3.423,3.163,151.549,4.314,,501_M0111_C_039R_1_WR:86-94_1,20,230.22,clay,slight,above: consolidated clay,,compacted (not hard) silt,,,,,,,,"IC: DF 5, sampling ID A148"
501,M0112,A,1,H,1,55,61,501_M0112_A_001H_1_W:55-61_1,IWRH1,0.55,31.96,,7.72,6.18,,512.455,24.095,0.779,0.815,443.663,0.109,9.379,0.716,10.795,24.784,48.211,0.655,0.000,462.810,0.937,95.576,23.830,549.306,81.077,,501_M0112_A_001H_1_W:55-61_1,20,0.55,sand,moderate,"poorly sorted, shell fragments, some water","some shells, disturbed sands above","loose sand, disturbed",,,,Y,,Y,Y,
501,M0112,A,1,H,1,65,71,501_M0112_A_001H_1_W:65-71_1,IWSQ1,0.65,32.40,0.31,7.90,8.23,0.157,515.772,23.138,0.779,0.259,454.024,0.255,9.329,1.038,11.425,23.343,47.923,0.237,0.000,460.200,0.665,73.103,23.079,627.625,81.340,,501_M0112_A_001H_1_W:65-71_1,20,0.65,sand,moderate,"poorly sorted, shell fragments, some water","shells and sands above, core appears to not be fully filled","loose sand, disturbed",,,,Y,,Y,Y,
501,M0112,A,2,H,1,144,150,501_M0112_A_002H_1_WR:144-150_1,IWSQ2,3.65,32.34,0.28,7.81,6.34,0.330,511.515,24.086,0.768,,,,,,,,,,,,,,,,,,501_M0112_A_002H_1_WR:144-150_1,20,3.65,fine sand ,moderate,"above: fine sand, some water","core appears not fully in middle section, Rhizon area ok","loose sand, disturbed",,,,Y,,Y,Y,
501,M0112,A,3,H,2,20,25,501_M0112_A_003H_2_WR:20-25_1,IWRH3,6.72,32.23,,7.66,5.11,,,,,,,,,,,,,,,,,,,,,,501_M0112_A_003H_2_WR:20-25_1,20,6.72,medium sand,moderate,"looks like coarse sand, slightly sunken in","looks not full, sediment has shifted?","loose sand, disturbed",,,,Y,,Y,Y,
501,M0112,A,5,H,1,100,105,501_M0112_A_005H_1_WR:100-105_1,IWRH1,10.25,32.34,0.18,7.84,4.86,,510.528,24.964,0.782,0.111,402.868,0.117,8.932,0.340,9.522,18.156,46.442,0.546,0.021,404.350,0.392,15.660,22.424,173.051,72.746,,501_M0112_A_005H_1_WR:100-105_1,20,10.25,fine sand,moderate,"coherent above and below, water on top","looks not full, sediment has shifted?","loose sand, disturbed",,,,Y,,Y,Y,
501,M0112,A,7,H,2,40,45,501_M0112_A_007H_2_WR:40-45_1,IWRH2,14.11,32.29,0.17,7.71,4.54,0.402,511.869,25.206,0.766,0.000,434.690,0.146,9.336,0.000,10.499,21.326,48.457,0.491,0.167,459.765,0.085,15.111,25.050,118.583,79.925,,501_M0112_A_007H_2_WR:40-45_1,20,14.11,fine sand,moderate,"coherent above and below, water between sediment and liner",some what coarse sediment; looks fullish,"loose sand, highly disturbed",,,,Y,,Y,Y,
501,M0112,A,8,H,2,45,50,501_M0112_A_008H_2_WR:45-50_1,IWRHx,16.52,32.12,0.17,7.63,4.36,0.332,511.406,25.303,0.777,0.000,431.082,0.189,9.261,0.000,10.384,19.741,47.799,0.510,0.156,448.891,0.545,16.597,24.582,99.786,78.898,,501_M0112_A_008H_2_WR:45-50_1,200,16.52,fine sand,moderate,coherent above and below,potential for some water between sediment and liner,"loose sand, disturbed",,,,Y,,Y,Y,
501,M0112,A,8,H,2,70,75,501_M0112_A_008H_2_WR:70-75_1,IWRH3,16.77,32.01,0.17,7.78,4.41,,510.668,25.198,0.761,0.148,411.841,0.197,9.331,0.054,10.448,20.317,48.211,0.673,0.000,454.980,0.562,15.919,24.825,100.748,79.651,,501_M0112_A_008H_2_WR:70-75_1,200,16.77,fine sand,moderate,"coherent above and below, water between sediment and liner",potential for some water between sediment and liner,"loose sand, disturbed",,,,Y,,Y,Y,
501,M0112,A,10,H,1,90,95,501_M0112_A_010H_1_WR:90-95_1,IWRH1,20.77,32.24,0.15,7.55,4.21,0.298,512.641,25.363,0.770,0.000,460.777,0.248,9.304,0.036,10.486,20.173,47.964,0.764,0.083,451.066,0.886,9.041,24.903,124.208,80.142,,501_M0112_A_010H_1_WR:90-95_1,20,20.77,coarse sand,slight,"looks like medium sand, water",core not full in the middle section,"loose sand, disturbed",,,,Y,,Y,Y,
501,M0112,A,11,H,2,75,80,501_M0112_A_011H_2_WR:75-80_1,IWRH2,23.54,32.13,0.14,7.95,5.31,0.003,511.852,25.118,0.766,0.037,394.912,0.248,9.329,0.143,10.235,19.452,48.252,1.037,0.000,463.680,0.903,8.428,24.894,124.742,79.240,,501_M0112_A_011H_2_WR:75-80_1,20,23.54,medium sand,slight,coherent above and below,"liner not full, water?","loose sand, disturbed",,,,Y,,Y,Y,
501,M0112,A,14,H,1,110,115,501_M0112_A_014H_1_WR:110-115_1,IWRH3,25.43,31.87,,7.68,4.13,,,,,,,,,,,,,,,,,,,,,,501_M0112_A_014H_1_WR:110-115_1,20,25.43,medium sand,slight,"coherent above and below, medium to coarse sand",Rhizon area looks good,loose coarse sand,,,,Y?,,Y,Y,
501,M0112,A,15,H,1,125,130,501_M0112_A_015H_1_W:125-130_1,IWRH1,27.04,31.87,0.14,7.79,4.37,0.260,510.053,25.153,0.764,0.000,402.405,0.262,9.326,0.000,9.921,20.749,48.375,1.110,0.000,458.460,0.545,5.263,24.888,124.066,79.149,,501_M0112_A_015H_1_W:125-130_1,20,27.04,medium sand,slight,"medium sand, slightly sunken in, water",Rhizon area not quite full,"loose sand, highly disturbed",,,,Y,,Y,Y,
501,M0112,A,16,H,1,125,130,501_M0112_A_016H_1_WR:125-130_1,IWRH2,28.92,31.71,0.12,7.90,4.45,0.025,481.352,23.659,0.719,0.000,396.300,0.248,9.202,0.054,9.913,18.732,47.470,0.965,0.000,449.326,1.431,6.910,24.373,119.687,77.745,,501_M0112_A_016H_1_WR:125-130_1,20,28.92,medium sand,slight,"water incursion at liner interface, coherent above and below",looks ok,"loose sand, disturbed",,,,Y,,Y,Y,
501,M0112,A,17,H,1,45,50,501_M0112_A_017H_1_WR:45-50_1,IWRH3,29.93,31.76,,8.58,4.32,0.000,,,,,,,,,,,,,,,,,,,,,501_M0112_A_017H_1_WR:45-50_1,20,29.93,very coarse sand,slight,"coarse, not full, water",core very empty at Rhizon area,"loose sand, highly disturbed",,,,Y,,Y,Y,
501,M0112,A,21,H,2,20,25,501_M0112_A_021H_2_WR:20-25_1,IWRHx,36.51,30.16,,8.13,4.68,,495.081,24.263,0.743,0.890,382.979,0.248,8.902,0.107,9.606,19.020,46.360,0.673,0.000,438.886,1.244,4.036,23.805,144.571,76.101,,501_M0112_A_021H_2_WR:20-25_1,20,36.51,medium sand,slight,"coherant above and below, no disturbance at the sampling interval",looks ok,loose sand,,,,Y?,,Y,Y,
501,M0112,A,23,H,1,142,148,501_M0112_A_023H_1_WR:142-148_1,IWSQ1,40.01,31.86,,7.99,4.40,,,,,,,,,,,,,,,,,,,,,,501_M0112_A_023H_1_WR:142-148_1,20,40.01,fine sand,slight,"above: looks disturbed, water",hard to tell but looks ok to me,compacted (not hard) sand,,,,,,,,
501,M0112,A,24,H,1,105,110,501_M0112_A_024H_1_WR:105-110_1,IWRH2,42.43,31.32,0.10,7.77,3.80,0.000,501.593,24.843,0.749,0.000,349.676,0.306,10.095,2.113,10.056,21.182,47.018,5.315,0.271,449.761,0.682,1.421,24.729,331.470,79.913,,501_M0112_A_024H_1_WR:105-110_1,20,42.43,medium sand,slight,lot of water between sediment and liner,potential for water beween liner and sediment,"loose sand, highly disturbed",,,,Y,,Y,Y,
501,M0112,A,25,H,1,100,105,501_M0112_A_025H_1_WR:100-105_1,IWRH3,45.14,31.70,,7.95,3.19,,502.718,24.995,0.750,,,,,,,,,,,,,,,,,,501_M0112_A_025H_1_WR:100-105_1,20,45.14,medium sand ,moderate,"sediment look like washed in, water","coarsish sediment, may a bit of water on top ","loose sand, highly disturbed",,,,Y,,Y,Y,
501,M0112,A,31,H,1,125,130,501_M0112_A_031H_1_WR:125-130_1,IWRHx,51.21,31.77,0.01,8.42,3.31,,489.619,24.737,0.720,,,,,,,,,,,,,,,,,,501_M0112_A_031H_1_WR:125-130_1,20,51.21,very coarse sand,moderate,"coarse, dark, not full","core not full, very coarse sediment","loose granules and very coarse sand, highly disturbed",,,,Y,,Y,Y,
501,M0112,A,32,H,2,30,35,501_M0112_A_032H_2_WR:30-35_1,IWRH1,53.25,31.70,,7.79,4.12,,502.777,24.765,0.747,0.148,371.970,0.255,9.696,55.721,10.023,19.741,46.894,5.133,0.073,442.801,0.903,4.488,24.563,230.224,79.023,,501_M0112_A_032H_2_WR:30-35_1,20,53.25,medium sand ,moderate,"coherent above and below, water above and below","liner not really full, maybe slightly better at IW","loose sand, highly disturbed",,,,Y,,Y,Y,
501,M0112,A,33,H,2,30,35,501_M0112_A_033H_2_WR:30-35_1,IWRH2,54.81,31.65,0.11,7.82,3.94,0.000,502.367,24.838,0.757,,,,,,,,,,,,,,,,,,501_M0112_A_033H_2_WR:30-35_1,20,54.81,medium sand ,moderate,"coherent above and below, water at the sediment-liner interface",partially full along full length of core,"loose sand, highly disturbed",,,Y,Y,,Y,Y,
501,M0112,A,36,R,1,145,150,501_M0112_A_036R_1_WR:145-150_1,IWSQ3,57.75,28.51,,7.87,3.67,,449.423,22.196,0.670,0.000,369.473,0.335,9.082,8.791,9.854,17.291,39.922,3.640,0.063,398.043,0.835,5.231,21.878,123.211,74.093,,501_M0112_A_036R_1_WR:145-150_1,20,57.75,fine sand,moderate,above: consolidated,coherent mud/clay above IW,"lamination of sand, disturbed",,,,Y?,,Y,Y,
501,M0112,A,39,R,1,71,76,501_M0112_A_039R_1_WR:71-76_1,IWSQx,61.22,23.72,0.17,7.84,4.00,,366.959,17.078,0.552,0.556,420.167,0.299,7.987,13.268,6.867,13.545,32.624,2.111,0.240,324.663,0.988,4.101,17.105,197.294,65.396,,501_M0112_A_039R_1_WR:71-76_1,20,61.22,clay,slight,above: consolidated,coherent mud/clay above IW,compacted (not hard) clayey silt,,,,,,,,
501,M0112,A,40,H,1,95,100,501_M0112_A_040R_1_WR:95-100_1,IWSQ1,63.16,21.14,,7.85,3.68,,330.376,15.126,0.499,0.000,415.356,0.299,7.161,17.744,6.422,10.663,28.227,1.547,0.417,291.518,0.239,1.518,15.143,184.443,58.069,,501_M0112_A_040R_1_WR:95-100_1,20,63.16,clay,slight,above: consolidated,coherent mud/clay above IW,compacted (not hard) clayey silt,,,,,,,,
501,M0112,A,43,H,1,74,80,501_M0112_A_043H_1_WR:74-80_1,IWSQ2,69.08,15.54,0.23,8.10,4.44,0.000,238.178,11.137,0.354,0.000,359.482,0.350,4.157,7.556,5.875,7.781,16.220,0.346,0.573,219.791,0.545,3.939,10.708,140.869,36.407,,501_M0112_A_043H_1_WR:74-80_1,20,69.08,silt,moderate,"above: consolidated, little washed in sediment","some washed out sediment above IW, coherent below","compacted (not hard) silt and sand, bioturbated",,,Y,Y?,,Y,Y,
501,M0112,A,46,H,1,80,85,501_M0112_A_046H_1_WR:80-85_1,IWSQ3,71.91,13.02,,8.00,4.92,,,,,,,,,,,,,,,,,,,,,,501_M0112_A_046H_1_WR:80-85_1,20,71.91,silt,slight,above: consolidated,coherent mud/clay above and below,compacted (not hard) silt,,,,,,,,
501,M0112,A,47,H,1,20,25,501_M0112_A_047H_1_WR:20-25_1,IWRHx,72.38,12.58,,8.13,5.03,,186.900,9.632,0.282,0.000,345.328,0.189,3.281,5.264,4.593,4.323,12.620,0.255,0.625,190.866,0.290,2.971,10.031,138.483,29.137,,501_M0112_A_047H_1_WR:20-25_1,20,72.38,silt,slight,"consolidated at sampling location, above and below lot of cracks, some with water","thin washed out layers, possibly from cutting core","lamination of sand and silt, disturbed",,,,Y,,Y,Y,
501,M0112,A,50,R,1,123,130,501_M0112_A_050R_1_WR:123-130_1,IWSQ1,76.62,10.33,0.13,8.03,5.39,0.000,149.145,9.411,0.220,0.741,390.194,0.226,2.223,0.859,3.251,4.467,8.675,0.146,0.813,161.592,0.750,3.972,9.626,171.200,20.235,,501_M0112_A_050R_1_WR:123-130_1,20,76.62,clay,,above: laminated with some cracks,"thin washed out layers, possibly from cutting core, more consolidated below","lamination of sand and silt, disturbed",,,,Y?,,Y,Y,
501,M0112,A,51,R,1,143,150,501_M0112_A_051R_1_WR:143-150_1,IWSQ2,78.67,8.68,,8.07,5.54,,,,,,,,,,,,,,,,,,,,,,501_M0112_A_051R_1_WR:143-150_1,20,78.67,clay,none,above: consolidated,coherent above and below,compacted (not hard) clay,,,,,,,,
501,M0112,A,52,R,2,79,85,501_M0112_A_052R_2_WR:79-85_1,IWSQ3,82.5,7.09,0.06,8.05,5.80,0.000,,,,,,,,,,,,,,,,,,,,,501_M0112_A_052R_2_WR:79-85_1,20,82.5,clay,slight,"above: consolidated, layering visible",coherent above,compacted (not hard) clay,,,,,,,,
501,M0112,A,53,R,1,66,72,501_M0112_A_053R_1_WR:66-72_1,IWSQ1,83.87,6.34,,8.27,5.10,,88.879,8.138,0.128,0.037,17.391,0.000,0.062,0.018,0.087,0.144,0.232,0.000,0.063,5.207,0.000,0.226,0.419,9.576,0.514,,501_M0112_A_053R_1_WR:66-72_1,20,83.87,clay,none,"above: consolidated, layering visible",coherent mud/clay above,compacted (not hard) clay,,,,,,,,
501,M0112,A,55,R,1,112,118,501_M0112_A_055R_1_WR:112-118_1,IWSQ2,88.83,9.41,0.14,8.12,4.34,0.000,,,,,,,,,,,,,,,,,,,,,501_M0112_A_055R_1_WR:112-118_1,20,88.83,clay,slight,above: consolidated,coherent above and below,compacted (not hard) clay,,,,,,,,
501,M0112,A,56,R,1,142,148,501_M0112_A_056R_1_WR:142-148_1,IWSQ3,90.63,5.31,,8.17,4.54,,,,,,,,,,,,,,,,,,,,,,501_M0112_A_056R_1_WR:142-148_1,20,90.63,clay,slight,above: consolidated,coherent above,compacted (not hard) clay,,,,,,,,
501,M0112,A,57,R,2,36,43,501_M0112_A_057R_2_WR:36-43_1,IWSQ1,92.3,5.10,,7.98,4.20,,76.240,3.737,0.116,0.000,239.038,0.299,1.644,0.842,1.773,3.890,5.594,0.473,0.344,78.556,0.733,5.489,4.148,191.278,12.760,,501_M0112_A_057R_2_WR:36-43_1,20,92.3,clay,none,above: consolidated,coherent above,compacted (not hard) clay,,,,,,,,
501,M0112,A,58,R,1,100,106,501_M0112_A_058R_1_WR:100-106_1,IWSQ2,93.21,7.54,0.12,8.00,3.40,0.000,,,,,,,,,,,,,,,,,,,,,501_M0112_A_058R_1_WR:100-106_1,20,93.21,clay,none,above: consolidated with some cracks,coherent above and below,compacted (not hard) clay,lot of water in the liner,,,,,,,
501,M0112,A,62,H,2,20,25,501_M0112_A_062H_2_WR:20-25_1,IWRH3,98.81,26.04,,8.17,2.76,,,,,,,,,,,,,,,,,,,,,,501_M0112_A_062H_2_WR:20-25_1,20,98.81,gravel,none,"loose and very wet, water ","gravel,shells, loose","loose sand, pebble-gravel, disturbed",water in liner and at the Rhizonelocation,Y,,Y,Y,,YY,
501,M0112,A,67,H,1,6,8,501_M0112_A_067H_1_WR:6-8_1,IWRHx,102.39,15.92,0.28,8.11,2.16,,,,,,,,,,,,,,,,,,,,,,501_M0112_A_067H_1_WR:6-8_1,20,102.39,coarse sand ,slight,"coarse sediment, consolidation ok, but water","consolidated sand, would not trust","loose very coarse sand, disturbed",water in liner and at the Rhizonelocation,Y,,Y,Y,,YY,
501,M0112,A,86,H,1,125,130,501_M0112_A_086H_1_WR:125-130_1,IWRHx,123.37,23.91,0.19,7.83,2.96,0.000,378.826,20.675,0.559,0.000,122.017,0.240,10.404,13.626,6.647,11.383,40.798,3.331,0.000,317.529,1.056,1.033,20.109,95.123,75.234,,501_M0112_A_086H_1_WR:125-130_1,20,123.37,coarse sand ,None,"sand, little sunken in, water?",loose sand,"loose sand, disturbed",sunken in at Rhizones,Y,,Y,Y,,YY,
501,M0112,A,89,H,1,60,66,501_M0112_A_089H_1_WR:60-66_1,IWSQ1,125.07,24.12,0.20,7.61,2.57,0.000,381.717,20.560,0.557,4.967,261.702,0.408,10.694,4.620,7.074,14.409,39.473,2.639,0.208,319.748,1.176,0.097,20.256,105.874,78.452,,501_M0112_A_089H_1_WR:60-66_1,20,125.07,silt,slight,"above: cracked black mud, shell fragments, some water at the bottom?","mud and shells, sand below???",compacted (not hard) silt,lot of water in the liner,Y,,Y,Y,,YY,"If the preparation (core shaving) was done appropreately, contamination not occurred."
501,M0112,A,91,H,2,94,101,501_M0112_A_091H_2_WR:94-101_1,IWSQ2,127.82,22.06,0.20,7.78,2.41,0.000,359.927,19.383,0.533,0.074,136.818,0.379,9.516,0.394,6.284,9.942,39.831,2.202,0.083,277.294,0.017,1.162,18.372,97.615,69.333,,501_M0112_A_091H_2_WR:94-101_1,20,127.82,fine sand,slight,"Not Full, water",partially full along full length of core,"loose sand, disturbed",water in liner,Y,,Y,Y,,YY,
501,M0112,A,93,H,2,45,50,501_M0112_A_093H_2_WR:45-50_1,IWRH3,132.68,19.49,0.19,7.67,1.83,0.000,317.332,17.677,0.472,0.297,137.743,0.226,8.688,47.932,5.949,10.663,37.886,4.314,0.000,254.545,0.579,3.972,17.436,107.049,69.722,,501_M0112_A_093H_2_WR:45-50_1,20,132.68,silt,slight,"Not Full (loose), water","sloppy core, water ?","loose sand, highly disturbed",lot of water in the liner,Y,,Y,Y,,YY,
501,M0112,A,96,H,1,76,82,501_M0112_A_096H_1_WR:76-82_1,IWSQ1,138.98,9.57,,7.69,1.37,,157.422,4.640,0.240,0.482,424.699,0.451,2.330,2.346,3.962,8.213,12.308,2.821,0.000,144.367,1.397,0.000,4.963,131.719,21.639,,501_M0112_A_096H_1_WR:76-82_1,20,138.98,clay,,above: consolidated,"coherent above, blocky pieces below",compacted (not hard) lamination of silt and sand,liner properly filled,,,,,,,
501,M0112,A,99,R,1,114,121,501_M0112_A_099R_1_WR:114-121_1,IWSQ2,142.35,8.25,0.09,7.76,2.20,0.000,135.279,3.512,0.205,,,,,,,,,,,,,,,,,,501_M0112_A_099R_1_WR:114-121_1,20,142.35,silt,none,above: consolidated,coherent above and below,compacted (not hard) silt,,,,,,,,
501,M0112,A,101,R,2,50,57,501_M0112_A_101R_2_WR:50-57_1,IWSQ3,144.9,3.63,,7.84,2.63,,,,,,,,,,,,,,,,,,,,,,501_M0112_A_101R_2_WR:50-57_1,20,144.9,silt,none,above: consolidated,coherent above and below,compacted (not hard) silt,,,,,,,,
501,M0112,A,103,R,1,82,88,501_M0112_A_103R_1_WR:82-88_1,IWSQ1,149.03,2.53,,9.23,3.57,,34.240,1.071831866,0.052,1.149,236.540,0.714,0.169,0.251,1.310,1.585,0.766,0.000,0.313,41.100,0.375,1.453,1.096,63.759,1.689,,501_M0112_A_103R_1_WR:82-88_1,20,149.03,fine sand,moderate,above: consolidated,coherent above,compacted (not hard) silt,,,,,,,,"IC: DF 5, sampling ID 186"
501,M0112,A,111,H,1,40,45,501_M0112_A_111H_1_WR:40-45_1,IWRH2,155.89,2.17,0.01,8.16,4.04,0.000,26.306,1.532041513,0.039,0.704,327.105,0.000,0.224,0.430,0.868,1.009,1.032,0.036,0.250,34.258,0.699,10.591,1.534,116.803,2.237,,501_M0112_A_111H_1_WR:40-45_1,20,155.89,medium sand,moderate,coherent above and below,loose sand,"loose sand, highly disturbed",,,,Y,,Y,Y,"IC: DF 5, sampling ID 187"
501,M0112,A,116,H,1,146,152,501_M0112_A_116H_1_WR:146-152_1,IWSQ3,164.08,1.37,,8.24,3.09,,16.754,1.124812108,0.025,1.446,395.837,0.000,0.093,0.269,0.534,0.432,0.299,0.036,0.375,24.959,1.005,5.199,1.167,148.167,0.708,,501_M0112_A_116H_1_WR:146-152_1,20,164.08,very coarse sand,high,"above: sand disturbed, some water",loose sand,"loose sand, highly disturbed",,,Y,Y,,Y,Y,"IC: DF 5, sampling ID 188"
501,M0112,A,118,H,1,144,150,501_M0112_A_118H_1_WR:144-150_1,IWSQ1,168.98,1.90,0.02,8.49,3.52,0.000,21.431,1.734819811,0.031,0.964,310.176,0.000,0.225,0.018,0.866,0.144,1.011,0.036,0.156,29.487,0.886,10.365,1.748,118.441,2.454,,501_M0112_A_118H_1_WR:144-150_1,20,168.98,medium sand,slight,"above: coherent sand, some water","sand, more coherent","loose sand, highly disturbed",,,,Y,,Y,Y,"IC: DF 5, sampling ID 189"
501,M0112,A,126,H,1,68,75,501_M0112_A_126H_1_WR:68-75_1,IWSQ2,188.56,1.21,0.01,8.29,3.38,0.000,7.717,0.951486478,0.010,1.297,356.337,0.124,0.049,0.573,0.407,0.288,0.144,0.036,0.177,13.162,0.222,9.525,0.977,137.344,0.411,,501_M0112_A_126H_1_WR:68-75_1,20,188.56,silt,none,above: consolidated sand,coherent above and below,compacted (not hard) silty sand,,,,,,,,"IC: DF 5, sampling ID 190"
501,M0112,A,127,H,1,105,110,501_M0112_A_127H_1_WR:105-110_1,IWSQ3,189.68,2.80,,8.49,3.13,,,,,,,,,,,,,,,,,,,,,,501_M0112_A_127H_1_WR:105-110_1,20,189.68,silt,none,"core shows some disturbance in the sampling location, result from Rhizone? (although labeled as Squeezecake?!)",coherent,sandy layer in silt,,,Y,Y?,,Y,Y, @105cm may be contaminated
501,M0112,A,131,R,1,82,89,501_M0112_A_131R_1_WR:82-89_1,IWSQ1,195.07,1.42,,7.94,2.95,,9.842,0.45884392,0.015,0.741,487.512,0.226,0.061,0.143,0.337,0.720,0.226,0.055,0.094,12.997,0.000,3.261,0.513,,0.628,,501_M0112_A_131R_1_WR:82-89_1,20,195.07,clay,high,above: consolidated clay,coherent above,"compacted (not hard) silt, bisucuitting",,,,,,,,"IC: DF 5, sampling ID A191"
501,M0112,A,132,R,1,143,150,501_M0112_A_132R_1_WR:143-150_1,IWSQ2,196.64,1.74,0.01,8.06,2.92,0.000,,,,,,,,,,,,,,,,,,,,,501_M0112_A_132R_1_WR:143-150_1,20,196.64,clay,none,above: consolidated clay,coherent above and below,compacted (not hard) clay,water in the liner above,,,,,,,
501,M0112,A,133,R,1,50,55,501_M0112_A_133R_1_WR:50-55_1,IWSQ3,197.71,4.19,,7.96,2.67,,,,,,,,,,,,,,,,,,,,,,501_M0112_A_133R_1_WR:50-55_1,20,197.71,silt,slight,above: some layering (bisquits) with small cracks,"coherent below, layering, silt, clay, from core cutting?","compacted (not hard) silt, bisucuitting",water in the liner above,Y,,Y,Y,,YY,
501,M0112,A,136,H,1,150,157,501_M0112_A_136H_1_WR:150-157_1,IWSQ1,204.71,0.81,,8.13,2.85,,8.572,0.728913455,0.013,0.408,509.991,0.051,0.045,0.107,0.305,0.865,0.105,0.036,1.876,12.558,0.204,4.456,0.781,154.112,0.285,,501_M0112_A_136H_1_WR:150-157_1,20,204.71,organic rich sediment,none,"above: quite some changes in sediment structure and color, gap to the core bottom","dark mud, coherent above and below","compacted (not hard) silt, small cracks",properly filled,,,,,,,"IC: DF 5, sampling ID A192"
501,M0112,A,139,H,2,40,45,501_M0112_A_139H_2_WR:40-45_1,IWRH2,210.04,0.76,0.01,8.20,3.29,0.000,9.174,0.816487623,0.013,0.148,227.197,0.124,0.044,0.107,0.408,0.144,0.160,0.018,0.198,13.632,0.000,9.332,0.857,122.642,0.468,,501_M0112_A_139H_2_WR:40-45_1,20,210.04,coarse sand,,coherent above and below,"coherent sand, loose?",loose sand,,,,Y?,,Y,Y,"IC: DF 5, sampling ID A193"
501,M0112,A,140,H,2,45,50,501_M0112_A_140H_2_WR:45-50_1,IWRH3,212.28,0.87,,8.13,3.28,,13.161,0.960708263,0.019,0.371,217.484,0.881,0.092,0.286,0.502,0.288,0.306,0.036,0.073,17.033,0.256,9.299,0.981,127.447,0.924,,501_M0112_A_140H_2_WR:45-50_1,20,212.28,coarse sand,none,looks a bit washed in and mixed,"partially full liner, loose sand","loose sand, disturbed",,,Y,Y,,Y,Y,"IC: DF 5, sampling ID A195"
501,M0112,A,144,R,1,74,80,501_M0112_A_144R_1_WR:74-80_1,IWSQ1,217.1,1.62,0.01,8.07,2.67,0.000,23.639,0.981246227,0.035,0.000,256.614,2.672,0.285,0.000,0.718,0.144,1.339,0.109,0.177,34.054,0.716,2.067,1.224,157.031,3.435,,501_M0112_A_144R_1_WR:74-80_1,20,217.1,silt ,none,above: consolidated,coherent above and below,compacted (not hard) silt,,,,,,,,"IC: DF 5, sampling ID A196"
501,M0112,A,145,R,1,68,75,501_M0112_A_145R_1_WR:68-75_1,IWSQ2,218.89,2.10,0.01,8.16,2.96,0.000,,,,,,,,,,,,,,,,,,,,,501_M0112_A_145R_1_WR:68-75_1,20,218.89,silt ,none,"above: less consolidated, but coherent",coherent above and below,compacted (not hard) silty sand,,,,,,,,
501,M0112,A,150,H,1,37,45,501_M0112_A_150H_1_WR:37-45_1,IWSQ3,224.58,1.82,,8.02,2.99,,18.668,0.951287656,0.028,0.556,289.177,0.510,0.181,0.143,0.354,0.576,0.845,0.036,0.250,24.289,1.073,6.490,0.982,168.708,1.974,,501_M0112_A_150H_1_WR:37-45_1,20,224.58,clay,none,above: quite consolidated,coherent above ,compacted (not hard) clay,,,,,,,,"IC: DF 5, sampling ID A197"
501,M0112,A,151,R,1,120,126,501_M0112_A_151R_1_WR:120-126_1,IWSQ1,225.86,1.93,0.01,8.19,3.09,0.000,24.537,1.255934462,0.036,0.000,271.415,2.090,0.196,0.036,0.797,1.153,0.937,0.055,0.198,30.726,0.613,7.007,1.252,136.703,2.431,,501_M0112_A_151R_1_WR:120-126_1,20,225.86,clay,none,above: consolidated with cracks,coherent,compacted (not hard) silt,,,,,,,,"IC: DF 5, sampling ID A198"
501,M0112,A,155,H,1,19,25,501_M0112_A_155H_1_WR:19-25_1,IWSQ2,229.03,1.19,0.00,8.10,2.63,0.000,9.510,0.323629588,0.014,0.667,330.897,0.153,0.020,0.107,0.205,0.576,0.067,0.036,1.094,12.732,0.000,3.681,0.370,162.656,0.183,,501_M0112_A_155H_1_WR:19-25_1,20,229.03,clay,slight,above: consolidated,coherent above and below,compacted (not hard) sandy silt,,,,,,,,"IC: DF 5, sampling ID A199"
501,M0112,A,157,H,1,60,65,501_M0112_A_157H_1_WR:60-65_1,IWSQ3,231.78,0.98,,8.17,2.47,,,,,,,,,,,,,,,,,,,,,,501_M0112_A_157H_1_WR:60-65_1,20,231.78,clay,none,above: quite consolidated,,compacted (not hard) clay,,,,,,,,
501,M0112,A,160,R,1,104,110,501_M0112_A_160R_1_WR:104-110_1,IWSQ1,236.25,3.50,,7.99,2.27,,51.801,1.6216726,0.079,0.185,272.895,9.466,0.572,0.179,1.419,0.000,2.855,0.910,0.115,52.893,0.153,1.324,1.590,141.153,7.384,,501_M0112_A_160R_1_WR:104-110_1,20,236.25,silt,none,above: coherent,coherent above and below,compacted (not hard) silt,"linersection above looks properly filled, but some water visible",Y,,Y,Y,,YY,"IC: DF 5, sampling ID A200"
501,M0112,A,161,R,1,53,60,501_M0112_A_161R_1_WR:53-60_1,IWSQ2,238.74,24.17,0.00,7.71,2.29,0.000,382.954,19.16823538,0.562,0.000,322.479,1.201,7.645,0.269,7.813,13.833,35.060,2.748,1.126,344.367,3.817,7.717,19.236,120.506,57.909,,501_M0112_A_161R_1_WR:53-60_1,20,238.74,sand,none,"Loose, structureless, infilled on edges some water",loose sand,"loose sand, highly disturbed",lot of water in the linersection above,Y,,Y,Y,,YY,
501,M0112,A,161,R,2,20,25,501_M0112_A_161R_2_WR:20-25_1,IWRHx,239.06,15.46,0.03,7.82,2.51,0.000,242.604,11.66806675,0.357,0.185,260.407,4.573,4.603,5.210,4.783,6.484,21.078,1.766,0.208,211.092,0.443,4.165,11.338,130.509,39.785,,501_M0112_A_161R_2_WR:20-25_1,20,239.06,sand,none,"coarse, structureless, infilled on edges",loose sand,"loose sand, disturbed",lot of water in the linersection above,Y,,Y,Y,,YY,
501,M0112,A,164,R,1,75,80,501_M0112_A_164R_1_WR:75-80_1,IWSQ3,244.46,2.50,,7.92,2.17,,,,,,,,,,,,,,,,,,,,,,501_M0112_A_164R_1_WR:75-80_1,20,244.46,silt,none,above: coherent,coherent above and below,compacted (not hard) clay,"water in the liner, mostly at the opposite end",,,,,,,
501,M0112,A,165,R,1,144,150,501_M0112_A_165R_1_WR:144-150_1,IWSQ1,246.65,3.66,0.02,7.85,2.62,0.000,56.257,1.994805654,0.085,0.185,230.342,4.318,0.804,0.286,1.463,2.017,3.696,0.455,0.198,58.547,0.971,5.102,1.995,160.413,8.891,,501_M0112_A_165R_1_WR:144-150_1,20,246.65,clay,none,above: coherent,coherent above and below,compacted (not hard) silt,water in the liner above the sampling location,Y,,Y,Y,,YY,"IC: DF 5, sampling ID A203"
501,M0112,A,167,H,1,45,50,501_M0112_A_167H_1_WR:45-50_1,IWRHx,249.26,1.25,0.01,8.00,3.29,0.000,24.231,1.433978723,0.035,0.259,197.687,0.772,0.154,0.340,0.695,1.585,0.692,0.018,0.250,29.430,0.630,7.491,1.314,124.208,1.712,,501_M0112_A_167H_1_WR:45-50_1,20,249.26,sand,slight,coherent above and below,coherent sand,"loose sand, disturbed",,,,Y,,Y,Y,"IC: DF 5, sampling ID A204"
501,M0112,A,170,H,1,75,80,501_M0112_A_170H_1_WR:75-80_1,IWRH2,257.77,1.98,0.02,8.05,3.39,0.000,39.253,2.209904649,0.058,0.000,214.801,1.267,0.402,0.054,1.223,0.720,1.908,0.109,0.302,46.194,0.665,6.522,2.176,124.493,4.154,,501_M0112_A_170H_1_WR:75-80_1,20,257.77,very coarse sand,slight,sand sunken in,partially full along full length of core,"loose sand, highly disturbed",lot of water in the liner,,Y,Y,,Y,Y,"IC: DF 5, sampling ID A206"
501,M0112,A,171,H,2,40,45,501_M0112_A_171H_2_WR:40-45_1,IWRH3,261.41,1.40,0.02,8.08,3.65,0.000,29.144,1.681127558,0.043,0.037,217.114,0.677,0.183,0.322,0.942,0.288,0.882,0.036,0.000,36.816,0.545,5.295,1.652,120.897,2.054,,501_M0112_A_171H_2_WR:40-45_1,20,261.41,coarse sand,slight,partly washed in sands,coherent sand,"loose sand, disturbed",lot of water in the liner,,,Y,,Y,Y,"IC: DF 5, sampling ID A207"
501,M0112,A,174,H,1,50,55,501_M0112_A_174H_1_WR:50-55_1,IWSQ1,265.2,11.25,,7.57,2.42,,167.702,7.483130348,0.252,0.000,283.164,1.806,3.353,1.432,3.811,5.043,15.537,1.529,0.511,163.201,1.261,1.808,8.147,160.769,37.480,,501_M0112_A_174H_1_WR:50-55_1,20,265.2,clay,slight,"above: only partly filled, water","empty 20 cm above, washed out?","probably compacted (not hard) sandy silt, disturbed","liner clearly washed out, would have been better options for SQ sample",Y,,Y,Y,,YY,
501,M0112,A,177,H,2,115,120,501_M0112_A_177H_2_WR:115-120_1,IWRHx,271.83,3.70,0.02,8.11,3.23,0.000,59.647,3.513973726,0.088,0.000,240.796,0.393,0.638,1.253,1.658,0.000,3.208,0.291,0.135,66.725,0.358,7.233,3.493,125.739,6.243,,501_M0112_A_177H_2_WR:115-120_1,20,271.83,medium sand ,moderate,"coherent above and below, water, partly washed in sands",consilidated sands,"sand with pebbles, disturbed",lot of water in the liner,,Y,Y,,Y,Y,"IC: DF 5, sampling ID 209"
501,M0112,A,179,H,2,20,25,501_M0112_A_179H_2_WR:20-25_1,IWRHx,277.13,3.16,0.02,8.08,3.81,0.000,48.832,3.381152541,0.072,1.001,254.302,0.204,0.402,2.525,1.386,0.000,2.040,0.182,0.000,58.852,0.647,4.294,3.362,134.781,4.280,,501_M0112_A_179H_2_WR:20-25_1,20,277.13,medium sand ,moderate,"coherent above and below, little water at the edges",sunken in where rhizon? Coherent otherwise,"loose sand, disturbed","water in the liner, compared to section above, however, little",,,Y,,Y,Y,"IC: DF 5, sampling ID 210"
501,M0112,A,185,R,1,88,95,501_M0112_A_185R_1_WR:88-95_1,IWSQ2,285.09,4.75,0.03,7.99,2.69,0.000,,,,,,,,,,,,,,,,,,,,,501_M0112_A_185R_1_WR:88-95_1,20,285.09,silt,none,above: coherent,coherent above and below,compacted (not hard) silt,"liner seems properly filled, some smearing - little water?",,,,,,,
501,M0112,A,196,R,1,77,84,501_M0112_A_196R_1_WR:77-84_1,IWSQ3,296.43,25.61,,7.76,2.59,,,,,,,,,,,,,,,,,,,,,,501_M0112_A_196R_1_WR:77-84_1,20,296.43,sand,none,laminae (or bisquits?) of mixed sizes with coarse fraction close to the sampling location,"sand above, mud below",laminations of sands,lot of water in the liner at the opposite half,Y,,Y,Y,,YY,
501,M0112,A,198,R,1,93,100,501_M0112_A_198R_1_WR:93-100_1,IWSQ1,299.14,14.03,,7.69,2.48,,212.929,11.18913455,0.316,0.000,272.340,1.791,4.014,0.573,4.885,18.300,19.091,2.348,0.115,201.740,1.090,6.296,11.457,106.230,37.343,,501_M0112_A_198R_1_WR:93-100_1,20,299.14,sand,slight,"filled, coarse, maybe loose?", relatively coherent ,medium sand,water in the liner above,Y,,Y,Y,,YY,
501,M0112,A,204,R,1,143,149,501_M0112_A_204R_1_WR:143-149_1,IWSQ2,305.64,3.62,0.01,7.92,3.55,0.000,,,,,,,,,,,,,,,,,,,,For salinity average was calculated,501_M0112_A_204R_1_WR:143-149_1,20,305.64,silt,none,above: coherent,coherent above,compacted (not hard) silt,"liner proper filled, some water visible",,,,,,,
501,M0112,A,212,R,1,75,80,501_M0112_A_212R_1_WR:75-80_1,IWSQ3,312.96,4.52,,7.80,2.36,,,,,,,,,,,,,,,,,,,,,,501_M0112_A_212R_1_WR:75-80_1,20,312.96,clay,slight,above: coherent,coherent above and below,compacted (not hard) clay,lot of water in the liner,,,,,,,
501,M0112,A,214,R,1,144,150,501_M0112_A_214R_1_WR:144-150_1,IWSQ1,315.65,4.26,,7.93,3.12,,64.381,2.751134637,0.097,0.000,394.265,0.495,0.514,0.000,1.461,4.755,2.611,0.328,0.000,71.988,1.448,2.648,2.746,154.503,6.106,,501_M0112_A_214R_1_WR:144-150_1,20,315.65,clay,slight,above: coherent,coherent above and below,compacted (not hard) clay,"liner proper filled, little water",,,,,,,"IC: DF 5, sampling ID A212"
501,M0112,A,216,R,1,143,150,501_M0112_A_216R_1_WR:143-150_1,IWSQ2,318.64,6.15,0.02,7.67,2.81,0.000,,,,,,,,,,,,,,,,,,,,,501_M0112_A_216R_1_WR:143-150_1,20,318.64,silt,slight,above: coherent,coherent above and below,compacted (not hard) silt,quite some water in the liner,,,,,,,
501,M0112,A,217,R,1,145,150,501_M0112_A_217R_1_WR:145-150_1,IWSQ3,321.66,5.56,,7.88,3.26,,,,,,,,,,,,,,,,,,,,,,501_M0112_A_217R_1_WR:145-150_1,20,321.66,silt,slight,above: coherent,coherent above and below,compacted (not hard) silt,quite some water in the liner,,,,,,,
501,M0112,A,218,R,2,30,35,501_M0112_A_218R_2_WR:30-35_1,IWRHx,323.83,22.71,0.05,7.62,2.08,0.000,329.487,16.30012908,0.486,0.222,400.648,1.143,6.662,110.546,9.570,49.568,30.337,7.845,0.000,311.092,1.312,4.036,17.299,872.909,54.736,,501_M0112_A_218R_2_WR:30-35_1,20,323.83,very coarse sand,slight,"sunken in sands, water","possibly partial fill, sunken where rhizon?","loose sand, highly disturbed",water in the liner,Y,,Y,Y,,YY,
501,M0112,A,219,R,1,65,70,501_M0112_A_219R_1_WR:65-70_1,IWRH1,324.66,31.56,,8.19,3.42,,,,,,,,,,,,,,,,,,,,,,501_M0112_A_219R_1_WR:65-70_1,20,324.66,sand,slight,washed in sands at the liner/ sediment interface,"infill, partial along liner","loose sand, disturbed",water in the liner,Y,,Y,Y,,YY,
501,M0112,B,2,H,2,25,30,501_M0112_B_002H_2_WR:25-30_1,IWRH1,29.98,32.22,0.12,7.86,4.67,0.086,502.062,24.5593873,0.755,0.000,396.762,0.248,9.189,0.269,9.760,21.614,47.923,0.965,0.000,448.456,0.784,4.585,24.532,132.431,78.110,,501_M0112_B_002H_2_WR:25-30_1,20,29.98,medium sand,slight,"slightly sunken sands, little water",loose sand,"loose coarse sand, disturbed",,,Y,Y,,Y,Y,
501,M0112,B,3,H,2,30,35,501_M0112_B_003H_2_WR:30-35_1,IWRH2,32.2,32.16,0.12,7.84,6.13,0.084,501.264,24.50007078,0.757,0.000,393.154,0.371,9.249,0.143,10.049,21.182,48.128,0.910,0.104,463.245,0.324,9.428,24.669,142.186,78.829,,501_M0112_B_003H_2_WR:30-35_1,20,32.2,medium sand,slight,slightly loose,"loose sand, partial fill in places","loose sand, disturbed",,,Y,Y,,Y,Y,
501,M0112,B,5,H,1,100,106,501_M0112_B_005H_1_WR:100-106_1,IWRH3,55,31.41,0.10,7.87,3.95,0.000,489.762,24.28843087,0.733,0.000,387.142,0.248,9.616,56.258,10.348,18.012,46.565,5.278,0.146,445.411,0.426,3.326,24.532,204.165,78.898,,501_M0112_B_005H_1_WR:100-106_1,20,55,sand/ silt,,"transition from sand to silt, water",transition from sand to mud… cracked," @100cm: loose sand, highly disturbed; @106cm: compacted (not hard) silt",water in the  liner,,,Y,,Y,Y,
501,M0112,B,9,R,1,102,107,501_M0112_B_009R_1_WR:102-107_1,IWSQ1,60.84,23.88,0.17,7.74,4.00,,373.007,17.66749214,0.557,0.000,386.957,0.350,8.169,18.120,6.854,13.112,33.916,2.111,0.344,327.403,0.682,1.840,17.963,181.524,67.074,,501_M0112_B_009R_1_WR:102-107_1,20,60.84,clay,slight,above: consolidated clay,"coherent above, below possible in fill",compacted (not hard) silt,linersection above with a lot of water,,,,,,,
501,M0112,B,10,R,1,145,150,501_M0112_B_010R_1_WR:145-150_1,IWSQ2,62.77,20.94,0.20,7.92,3.95,0.000,,,,,,,,,,,,,,,,,,,,,501_M0112_B_010R_1_WR:145-150_1,200,62.77,clay,slight,above: consolidated clay,coherent above and below,compacted (not hard) clay,quite some water in the liner,,,,,,,
501,M0112,B,13,R,2,96,102,501_M0112_B_013R_2_WR:96-102_1,IWSQ3,85.96,7.13,,8.20,5.47,,,,,,,,,,,,,,,,,,,,,,501_M0112_B_013R_2_WR:96-102_1,20,85.96,clay,none,above: consolidated clay,coherent above,compacted (not hard) clay,water in the liner,,,,,,,
501,M0112,B,15,R,2,121,127,501_M0112_B_015R_2_WR:121-127_1,IWSQ1,92.21,6.11,,8.15,4.05,,86.842,3.863455333,0.133,0.371,242.738,0.393,2.201,1.415,2.601,5.908,6.631,0.655,0.177,88.169,0.545,4.714,4.336,193.022,16.469,,501_M0112_B_015R_2_WR:121-127_1,20,92.21,silt,none,"above: consolidated, sometimes broken at the edges",coherent above,compacted (not hard) clay,water in the liner,,,,,,,
501,M0112,B,16,R,1,144,150,501_M0112_B_016R_1_WR:144-150_1,IWSQ2,93.94,6.81,0.14,8.19,3.53,0.000,,,,,,,,,,,,,,,,,,,,,501_M0112_B_016R_1_WR:144-150_1,20,93.94,silt,none,above: coherent,coherent above and below,compacted (not hard) clay,quite some water in the liner,,,,,,,
501,M0112,B,19,R,2,15,20,501_M0112_B_019R_2_WR:15-20_1,IWRH3,102.26,16.97,0.27,7.77,2.06,,252.292,10.96862574,0.375,6.672,132.747,0.743,13.204,35.703,6.875,9.222,32.316,10.703,0.000,196.694,1.176,4.650,11.344,102.456,76.444,,501_M0112_B_019R_2_WR:15-20_1,20,102.26,medium sand,none,"looks like slightly pushed material, cracks with water","sand, cracks with water, fluid passages?","compacted (not hard) sand with laminations, disturbed",water in the liner,Y,,Y,Y,,YY,
501,M0112,B,27,R,1,124,130,501_M0112_B_027R_1_WR:124-130_1,IWSQ1,139.24,9.44,0.14,7.72,1.39,0.000,150.283,4.396225512,0.227,0.000,502.035,0.473,2.241,2.722,4.199,8.646,11.748,2.366,0.115,141.148,0.647,0.000,4.832,121.894,20.954,,501_M0112_B_027R_1_WR:124-130_1,20,139.24,clay,none,above: clay with some interbedded coarser material,"mud sand interlayered, coherent",compacted (not hard) sandy silt with lamination of sand,quite some water in the liner,,,,,,,
501,M0112,B,28,R,2,93,100,501_M0112_B_028R_2_WR:93-100_1,IWSQ2,143.43,5.09,0.07,7.95,2.64,0.000,,,,,,,,,,,,,,,,,,,,,501_M0112_B_028R_2_WR:93-100_1,20,143.43,clay,none,above: coherent,coherent above and below,compacted (not hard) thin laminations of silt and clay,quite some water in the liner,,,,,,,
501,M0112,B,29,R,1,145,150,501_M0112_B_029R_1_WR:145-150_1,IWSQ3,145.45,4.93,,8.07,2.50,,,,,,,,,,,,,,,,,,,,,,501_M0112_B_029R_1_WR:145-150_1,20,145.45,very fine sand,none,above: coherent,coherent above and below,"compacted (not hard) thin laminations of silt and sand, small fractures",quite some water in the liner,,,,,,,
501,M0112,B,31,R,2,25,30,501_M0112_B_031R_2_WR:25-30_1,IWRHx,150.62,8.10,,8.02,3.47,,118.346,4.584931193,0.161,2.372,404.625,2.833,0.997,2.596,1.945,3.890,4.648,1.110,0.000,76.860,0.443,1.582,2.553,110.609,9.347,,501_M0112_B_031R_2_WR:25-30_1,20,150.62,fine sand ,none,water,rhizon at  fine to coarse transition," @25cm: coarse sand, @30cm: finer sand, bioturbated",water in the liner,Y,,Y,Y,,YY,
501,M0112,B,39,R,1,69,74,501_M0112_B_039R_1_WR:69-74_1,IWRHx,231.01,2.11,0.02,8.15,2.82,0.000,36.824,1.811583703,0.055,0.000,269.473,3.575,0.452,1.737,1.101,1.009,2.245,0.255,0.188,42.975,1.227,9.687,1.821,130.189,4.759,,501_M0112_B_039R_1_WR:69-74_1,20,231.01,medium sand,none,slightly loose?,soft sed deformation apparent,lamination of sands,,,,Y?,,Y,Y,"IC: DF 5, sampling ID A 226"
501,M0112,B,41,R,1,62,68,501_M0112_B_041R_1_WR:62-68_1,IWSQ1,235.44,1.40,,7.93,3.22,,27.847,0.819754127,0.041,0.000,329.325,0.000,0.269,0.752,0.769,1.873,1.277,0.619,0.000,32.505,0.392,2.938,0.861,151.050,3.081,,501_M0112_B_041R_1_WR:62-68_1,20,235.44,clay,none,above: coherent,coherent above and below,compacted (not hard) silt,,,,,,,,"IC: DF 5, sampling ID A 228"
501,M0112,B,43,R,1,80,85,501_M0112_B_043R_1_WR:80-85_1,IWRHx,238.62,1.45,0.02,8.12,2.70,0.000,25.484,1.127444673,0.038,0.000,3.238,0.000,0.000,0.000,0.000,0.288,0.000,0.000,0.094,0.000,1.073,4.424,0.000,0.000,0.000,,501_M0112_B_043R_1_WR:80-85_1,20,238.62,silt,none,coherent above and below,coherent,compacted (not hard) silty sand,,,,Y?,,Y,Y,"IC: DF 5, sampling ID A 229
@85cm: coarser sand, my be contaminated"
501,M0112,B,49,R,1,145,150,501_M0112_B_049R_1_WR:145-150_1,IWSQ2,248.27,1.01,0.02,7.99,2.69,0.000,40.435,1.583990173,0.061,0.000,242.553,3.881,0.424,0.000,1.103,0.720,1.982,0.200,0.229,45.194,0.903,4.359,1.575,151.691,5.250,,501_M0112_B_049R_1_WR:145-150_1,29,248.27,silt,slight,"above: coherent, small crack",coherent above and below,compacted (not hard) silt,,,,,,,,"IC: DF 5, sampling ID A 230"
501,M0112,B,56,R,1,96,101,501_M0112_B_056R_1_WR:96-101_1,IWSQ1,322.78,7.11,0.03,7.86,3.18,0.000,109.200,4.316536548,0.164,0.000,365.125,1.238,1.401,1.146,2.137,5.043,7.067,1.729,0.000,111.570,0.903,0.291,4.766,157.529,15.122,,501_M0112_B_056R_1_WR:96-101_1,15,322.78,clay,slight,"above: coherent material broken, water",coherent but gap immediately above,compacted (not hard) silt,water in the liner,Y,,Y,Y,,YY,"If the preparation (core shaving) was done appropreately, contamination not occurred."
501,M0112,B,57,R,1,44,51,501_M0112_B_057R_1_WR:44-51_1,IWSQ2,324.06,7.01,,7.86,3.21,0.000,,,,,,,,,,,,,,,,,,,,,501_M0112_B_057R_1_WR:44-51_1,280,324.06,clay,slight,corediameter smaller then linerdiameter,coherent,compacted (not hard) silt,water in the liner,Y,,Y,Y,,YY,
501,M0112,B,58,R,1,50,55,501_M0112_B_058R_1_WR:50-55_1,IWRH3,325.32,30.01,,7.92,2.69,,442.719,22.39538859,0.655,,,,,,,,,,,,,,,,,,501_M0112_B_058R_1_WR:50-55_1,3,325.32,coarse sand ,slight,"not completely filled, water",not full,coarse sand with granules,water in the liner,Y,,Y,Y,,YY,
501,M0113,A,1,H,2,65,70,501_M0113_A_001H_2_WR:65-70_1,IWRH1,2.15,32.35,0.31,7.78,9.36,0.784,514.990,23.752,0.775,0.000,501.665,0.000,10.222,0.000,10.977,22.767,52.036,0.000,0.000,453.676,1.090,31.288,24.510,600.214,89.991,,501_M0113_A_001H_2_WR:65-70_1,20,2.15,very find sand,slight,"sand, water on top","coherent, wet on top","sand, bioturbated",,,,,,,,
501,M0113,A,2,H,2,25,30,501_M0113_A_002H_2_WR:25-30_1,IWRH2,4.65,31.60,0.34,7.98,7.26,0.446,506.430,23.656,0.754,0.593,448.104,0.000,9.835,0.000,10.910,21.182,48.252,0.000,0.000,442.801,0.477,34.582,23.409,563.546,84.672,,501_M0113_A_002H_2_WR:25-30_1,20,4.65,medium sand,slight,"sand, some shells, watery","coherent, wet on top","sand, bioturbated",,,,,,,,
501,M0113,A,3,H,2,35,40,501_M0113_A_003H_2_WR:35-40_1,IWRH3,7.15,31.87,,7.93,6.50,,507.068,23.455,0.771,0.037,371.138,0.124,9.975,0.143,9.670,18.012,46.606,0.400,0.021,402.218,0.000,20.956,21.089,429.690,75.725,,501_M0113_A_003H_2_WR:35-40_1,20,7.15,fine sand,slight,washed in sands,not full liner,"loose sand, highly disturbed",,,Y,Y,,Y,Y,
501,M0113,A,4,H,1,75,80,501_M0113_A_004H_1_WR:75-80_1,IWRH1,8.75,31.66,0.38,7.70,8.50,0.694,508.148,23.515,0.760,0.074,390.472,0.000,10.402,0.000,10.307,21.037,48.416,0.000,0.000,430.405,0.000,16.403,22.913,487.718,85.506,,501_M0113_A_004H_1_WR:75-80_1,20,8.75,fine sand ,high,washed in sands,"not full liner, infilled?","loose sand, highly disturbed",,,Y,Y,,Y,Y,
501,M0113,A,6,H,1,65,70,501_M0113_A_006H_1_WR:65-70_1,IWRH2,11.65,31.67,0.44,7.80,6.92,0.489,503.845,23.111,0.771,0.334,411.656,0.000,10.781,0.000,10.716,21.614,46.853,0.000,0.000,421.270,1.090,21.537,22.542,721.965,86.670,,501_M0113_A_006H_1_WR:65-70_1,20,11.65,silt,none,coherent above and below,coherent,silty sand,,,,,,,,
501,M0113,A,7,H,2,25,30,501_M0113_A_007H_2_WR:25-30_1,IWRH3,15.52,31.67,0.40,7.73,6.13,0.743,501.747,23.329,0.743,0.000,286.494,0.000,11.804,0.000,9.701,19.885,48.581,0.000,0.000,432.405,0.750,13.723,22.963,619.794,90.276,,501_M0113_A_007H_2_WR:25-30_1,20,15.52,medium sand,slight,coherent above and below,structureless sand,"loose sand, disturbed",,,,Y?,,Y,Y,
501,M0113,A,9,H,1,125,130,501_M0113_A_009H_1_WR:125-130_1,IWRH1,18.48,31.67,0.42,7.77,5.96,0.607,500.570,23.364,0.749,0.000,280.666,0.000,11.896,0.000,9.289,20.749,48.581,0.000,0.000,425.968,0.085,11.463,22.935,588.822,90.619,,501_M0113_A_009H_1_WR:125-130_1,30,18.48,medium sand,slight,"washed in sands, shells, granulates",partial filled liner,"loose sand, disturbed",,,Y,Y,,Y,Y,
501,M0113,A,11,H,1,30,35,501_M0113_A_011H_1_WR:30-35_1,IWRH2,21.68,31.72,0.40,7.80,5.36,0.409,501.811,23.704,0.754,0.111,317.391,0.000,11.796,0.000,10.151,22.478,48.252,0.000,0.000,438.452,0.801,11.204,23.487,641.865,92.798,,501_M0113_A_011H_1_WR:30-35_1,40,21.68,fine sand,slight,"shells, water",partial filled liner,"loose sand, disturbed",,,Y,Y,,Y,Y,
501,M0113,A,13,H,1,115,120,501_M0113_A_013H_1_WR:115-120_1,IWRH3,25.17,31.62,0.38,7.78,5.36,0.376,499.807,23.768,0.742,0.408,336.078,0.000,11.779,0.000,10.345,21.470,47.840,0.000,0.000,432.362,0.222,9.913,23.593,669.277,91.691,,501_M0113_A_013H_1_WR:115-120_1,40,25.17,fine sand,none,"disturbed (by Rhizons?), water","disturbed, at rhizon interval"," @115cm: coarser sand, disturbed; @120cm: lens of coarse sand, disturbed",,,,Y,,Y,Y,
501,M0113,A,15,H,1,144,149,501_M0113_A_015H_1_WR:144-149_1,IWSQ1,28.17,31.57,0.44,7.89,4.65,0.001,503.345,23.841,0.757,0.000,311.471,0.000,11.447,0.000,11.563,21.758,46.935,1.238,0.000,436.712,0.545,9.299,23.955,729.441,90.778,,501_M0113_A_015H_1_WR:144-149_1,200,28.17,silt,slight,"above: coherent sandy silts, some cracks",coherent above and below,compacted (not hard) sandy silt,,,,,,,,
501,M0113,A,16,H,1,55,60,501_M0113_A_016H_1_WR:55-60_1,IWSQ2,29.29,31.78,0.37,7.90,4.74,0.033,504.976,24.271,0.756,19.904,319.149,0.000,11.577,22.131,10.616,26.081,47.882,0.910,0.000,435.407,0.750,11.882,24.099,737.985,90.094,,501_M0113_A_016H_1_WR:55-60_1,200,29.29,fine sand,slight,"above: washed in, reworked, water","disturbed, large shell above, partial filled below","compacted (not hard) sand, disturbed",,,Y,Y,,Y,Y,
501,M0113,A,17,H,1,80,85,501_M0113_A_017H_1_W:80-85_1,IWRH3,31.95,31.41,0.39,7.75,5.22,0.336,500.202,23.936,0.745,0.037,283.719,0.000,11.522,0.000,9.765,17.435,48.252,0.582,0.021,432.753,0.528,6.652,23.543,650.053,90.778,,501_M0113_A_017H_1_W:80-85_1,43,31.95,medium sand,high,"sand, coarse material, shells, water","coarse, mixed material, partially full","loose sand, highly disturbed",,,Y,Y,,Y,Y,
501,M0113,A,20,H,1,75,80,501_M0113_A_020H_1_WR:75-80_1,IWRH1,37.38,31.45,,7.85,4.58,,498.665,23.348,0.741,0.519,279.371,0.000,11.924,0.000,10.637,19.885,47.635,1.584,0.000,425.054,0.324,9.235,23.297,681.025,89.763,,501_M0113_A_020H_1_WR:75-80_1,40,37.38,fine sand,slight,"sand, coarse material, shells, water","muddy sand, slightly disturbed above, coherent below","compacted (not hard) sand, disturbed",,,,Y?,,Y,Y,"If the preparation (core shaving) was done appropreately, contamination not occurred."
501,M0113,A,25,H,2,35,40,501_M0113_A_025H_2_WR:35-40_1,IWRH2,43.92,30.55,0.55,7.81,3.83,0.000,490.518,21.426,0.727,0.630,109.158,0.167,16.078,8.684,9.445,19.741,46.154,16.236,0.000,398.434,0.051,0.000,21.241,378.070,103.207,,501_M0113_A_025H_2_WR:35-40_1,20,43.92,fine sand,slight,"loose sand, water",loose sand,loose sand,,,,Y?,,Y,Y,
501,M0113,A,26,H,2,50,55,501_M0113_A_026H_2_WR:50-55_1,IWRH3,46.04,30.87,,7.73,3.87,,494.387,21.885,0.736,0.778,118.316,0.153,15.492,15.703,9.890,19.452,46.771,15.362,0.000,415.441,0.017,2.293,21.965,372.019,102.739,,501_M0113_A_026H_2_WR:50-55_1,20,46.04,fine sand,slight,"coherent above and below, watery?",coherent above,"loose sand, highly disturbed",,,,Y,,Y,Y,
501,M0113,A,27,H,2,25,30,501_M0113_A_027H_2_WR:25-30_1,IWRH1,47.73,31.03,0.50,7.60,4.54,0.000,493.046,22.027,0.739,0.000,118.594,0.109,15.240,17.511,9.437,17.723,46.647,14.379,0.000,412.788,0.358,1.905,21.953,370.239,100.262,,501_M0113_A_027H_2_WR:25-30_1,20,47.73,fine sand,slight,"coherent above and below, watery?",loose sand,loose sand,,,,Y?,,Y,Y,
501,M0113,A,28,H,2,50,55,501_M0113_A_028H_2_WR:50-55_1,IWRH2,49.97,30.87,0.55,8.01,4.04,0.000,492.172,22.193,0.734,0.704,126.549,0.095,14.760,7.395,9.931,19.452,46.318,13.688,0.000,412.136,0.358,0.872,22.084,359.915,98.551,,501_M0113_A_028H_2_WR:50-55_1,20,49.97,fine sand,slight,"coherent above and below, watery?",coherent,loose sand,,,,Y?,,Y,Y,
501,M0113,A,30,H,2,79,84,501_M0113_A_030H_2_WR:79-84_1,IWSQ3,53.68,30.71,,7.93,3.74,,,,,,,,,,,,,,,,,,,,,,501_M0113_A_030H_2_WR:79-84_1,20,53.68,silt,none,"above: coherent/ stiff, some layering, some small cracks","coherent above, cracks in stiff clay before",compacted (not hard) sandy silt,,,,,,,,
501,M0113,A,32,H,1,144,150,501_M0113_A_032H_1_WR:144-150_1,IWSQ1,56.46,30.50,0.68,8.01,4.15,,485.771,22.229,0.728,0.445,109.436,0.095,13.525,0.000,10.238,14.986,45.167,7.026,0.375,411.092,1.108,2.454,22.305,325.383,96.382,,501_M0113_A_032H_1_WR:144-150_1,20,56.46,fine sand,slight,"above: silt and fine sand, some water",coherent,compacted (not hard) sand,,,,,,,,
501,M0113,A,33,H,1,94,100,501_M0113_A_033H_1_WR:94-100_1,IWSQ2,58.46,30.93,0.63,7.96,4.22,0.000,489.248,23.238,0.723,0.000,171.045,0.175,12.166,0.716,10.097,17.147,45.660,10.903,0.000,421.488,0.852,0.969,23.206,257.387,90.596,,501_M0113_A_033H_1_WR:94-100_1,30,58.46,very fine sand,moderate,above: sand with some water incursions,"overall coherent, disturbed surface because of core splitting?","compacted (not hard) sand, disturbed",,,,Y?,,Y,Y,
501,M0113,A,34,H,1,80,85,501_M0113_A_034H_1_WR:80-85_1,IWRH3,60.74,32.01,,7.95,3.14,,,,,,,,,,,,,,,,,,,,,,501_M0113_A_034H_1_WR:80-85_1,20,60.74,medium sand,moderate,"coherent slightly loose sands, watery",coherent slightly loose,loose sand,,,,Y?,,Y,Y,
501,M0113,A,36,H,1,80,85,501_M0113_A_036H_1_WR:80-85_1,IWRHx,64.48,32.11,,7.94,3.02,,,,,,,,,,,,,,,,,,,,,,501_M0113_A_036H_1_WR:80-85_1,40,64.48,coarse sand,slightl,"loose coarse sand, watery","coherent, loose sand","loose sand, disturbed",,,,Y,,Y,Y,
501,M0113,A,38,H,2,41,46,501_M0113_A_038H_2_WR:41-46_1,IWSQ1,67.61,30.23,0.63,7.99,4.68,,473.989,22.297,0.700,0.111,215.634,0.000,10.347,12.050,8.990,15.418,43.933,6.607,0.302,401.566,0.665,0.032,22.277,221.930,84.478,,501_M0113_A_038H_2_WR:41-46_1,20,67.61,silt,slight,above: coherent material,coherent above and below,compacted (not hard) silt,water in the liner,,,,,,,
501,M0113,A,39,R,1,47,53,501_M0113_A_039R_1_WR:47-53_1,IWSQ2,68.74,29.00,0.65,8.00,5.06,0.000,,,,,,,,,,,,,,,,,,,,,501_M0113_A_039R_1_WR:47-53_1,240,68.74,medium sand,slight,"above: reworked, water","core splitting surface disturbance, mixed grain size, laminations?",compacted (not hard) alternations of medium sand and fine sand,lot of water in the liner,,,Y?,,Y,Y,"If the sample section is composed mainly of medium sand, contamination may be occurred."
501,M0113,A,44,H,2,78,83,501_M0113_A_044H_2_WR:78-83_1,IWSQ3,81.97,24.49,,7.74,5.20,,384.947,11.657,0.577,0.482,335.153,0.109,8.718,34.342,5.921,13.545,32.888,1.857,0.000,331.970,1.346,9.590,12.211,416.162,79.868,,501_M0113_A_044H_2_WR:78-83_1,20,81.97,silt,,"above: coherent, but small gap to the liner",coherent,compacted (not hard) sandy silt,"looks proper filled, still some water",,,,,,,"If the preparation (core shaving) was done appropreately, contamination not occurred."
501,M0113,A,49,R,1,88,94,501_M0113_A_049R_1_WR:88-94_1,IWSQ1,88.15,20.90,,,,0.000,347.398,8.758,0.528,0.667,349.861,0.087,6.744,3.832,5.215,14.409,25.932,0.036,0.000,311.222,0.954,0.000,9.386,263.261,65.727,,501_M0113_A_049R_1_WR:88-94_1,20,88.15,silt,moderate,drilling bisquits? small crack,drilling disturbance: lamination/biscuits,compacted (not hard) lamination of silt and sand,lot of water in the liner,,,,,,,"If the preparation (core shaving) was done appropreately, contamination not occurred."
501,M0113,A,53,R,1,142,149,501_M0113_A_053R_1_WR:142-149_1,IWSQ2,95.41,20.63,,7.87,5.37,0.000,341.977,8.331,0.517,0.074,332.192,0.328,6.173,1.056,4.629,11.960,21.991,1.001,0.365,287.734,0.000,2.325,8.556,283.054,56.597,,501_M0113_A_053R_1_WR:142-149_1,20,95.41,clay,none,above: looks disturbed,coherent (below several WR samples),compacted (not hard) sandy silt,lot of water in the liner,,,,,,,"If the preparation (core shaving) was done appropreately, contamination not occurred."
501,M0113,A,54,R,1,95,100,501_M0113_A_054R_1_WR:95-100_1,IWRH3,96.44,31.51,0.49,8.01,3.22,,479.008,23.869,0.683,,,,,,,,,,,,,,,,,,501_M0113_A_054R_1_WR:95-100_1,20,96.44,medium sand,none,"loose, sunken in sand, water",coherent,"loose sand, disturbed",water in the liner,Y,,Y,Y,,YY,
501,M0113,A,56,H,2,35,40,501_M0113_A_056H_2_WR:35-40_1,IWRH1,100.84,20.42,0.81,7.77,5.42,0.000,340.797,8.396,0.514,1.075,305.180,0.000,6.662,64.154,4.340,16.715,24.109,0.000,0.031,305.829,0.988,8.298,9.058,202.741,65.099,,501_M0113_A_056H_2_WR:35-40_1,20,100.84,fine sands,,"larger clasts included, watery?","clasts along one side, infill?","loose sand, disturbed",lot of water in the liner,,Y,Y,,Y,Y,
501,M0113,A,57,H,2,35,40,501_M0113_A_057H_2_WR:35-40_1,IWRHx,102.7,21.34,0.79,7.90,5.32,,355.429,9.851,0.546,0.037,298.520,0.000,7.268,10.707,4.997,18.156,27.186,0.000,0.000,332.753,0.136,2.034,11.510,155.037,69.356,,501_M0113_A_057H_2_WR:35-40_1,20,102.7,medium sand,none,"medium to coarse sand, watery?",sands,"loose sand, disturbed",water in the liner,,,Y,,Y,Y,
501,M0113,A,58,H,1,60,65,501_M0113_A_058H_1_WR:60-65_1,IWRH2,103.98,20.96,,8.20,5.13,,,,,,,,,,,,,,,,,,,,,,501_M0113_A_058H_1_WR:60-65_1,20,103.98,fine sand,slight,coherent above and below,coherent,compacted (not hard) sand,lot of water in the liner,,,,,,,
501,M0113,A,58,H,1,74,79,501_M0113_A_058H_1_WR:74-79_1,IWRHx,104.12,24.28,0.75,8.00,4.94,0.001,,,,,,,,,,,,,,,,,,,,,501_M0113_A_058H_1_WR:74-79_1,20,104.12,fine sand,slight,"bit more loose than above, small crack","coherent, maybe rhizon disturbed","compacted (not hard) sand
@79cm: disturbed",lot of water in the liner,,,Y,,Y,Y,
501,M0113,A,61,R,1,54,59,501_M0113_A_061R_1_WR:54-59_1,IWSQ3,106.44,23.57,0.83,7.95,4.88,,397.443,11.686,0.599,,,,,,,,,,,,,,,,,,501_M0113_A_061R_1_WR:54-59_1,200,106.44,clay,slight,"above: consolidated with clast and cracks inbetween, watery",consolidated sand,compacted (not hard) sandy silt,lot of water in the liner,,,,,,,
501,M0113,A,63,H,1,76,81,501_M0113_A_063H_1_WR:76-81_1,IWSQ1,109.75,22.34,,7.93,4.77,,374.396,9.048,0.566,0.334,380.759,0.000,7.415,0.000,4.655,14.986,25.097,0.000,0.365,331.144,1.039,0.097,9.523,173.051,74.914,,501_M0113_A_063H_1_WR:76-81_1,200,109.75,clay,slight,above: consolidated and coherent,coherent,compacted (not hard) sandy silt,"looks properly filled, but some water",,,,,,,
501,M0113,A,65,R,1,93,99,501_M0113_A_065R_1_WR:93-99_1,IWSQ2,110.86,22.72,0.82,7.79,5.15,0.000,383.043,9.175,0.574,,,,,,,,,,,,,,,,,,501_M0113_A_065R_1_WR:93-99_1,240,110.86,clay,none,above: consolidated and coherent,coherent,compacted (not hard) silty sand,water in the liner above,,,,,,,
501,M0113,A,69,R,1,37,43,501_M0113_A_069R_1_WR:37-43_1,IWSQ3,116.86,23.53,,7.79,4.49,,,,,,,,,,,,,,,,,,,,,,501_M0113_A_069R_1_WR:37-43_1,240,116.86,silt,slight,above: consolidated and coherent,coherent above,compacted (not hard) sandy silt,water in the liner above,,,,,,,
501,M0113,A,71,R,1,31,36,501_M0113_A_071R_1_WR:31-36_1,IWSQ1,119.8,24.34,,7.55,4.56,,412.053,9.811,0.631,0.593,397.687,0.299,9.668,20.018,4.542,20.173,30.033,0.237,0.000,369.552,0.239,0.000,10.340,292.631,97.717,,501_M0113_A_071R_1_WR:31-36_1,200,119.8,silt,slight,above: consolidated with a clast,coherent above,compacted (not hard) sandy silt,water in the liner above,,,,,,,
501,M0113,A,75,R,1,55,62,501_M0113_A_075R_1_WR:55-62_1,IWSQ2,126.04,25.42,,7.84,3.90,0.000,,,,,,,,,,,,,,,,,,,,,501_M0113_A_075R_1_WR:55-62_1,20,126.04,silt,high,"above: vertical cracks/ openings, sometimes gaps between sediment und liner",coherent above and below,compacted (not hard) sandy silt,water in the liner above,,,,,,,
501,M0113,A,78,H,1,110,115,501_M0113_A_078H_1_W:110-115_1,IWRH3,131.09,26.34,,7.63,4.01,,440.152,10.971,0.667,0.371,301.943,0.000,11.220,99.749,4.501,14.409,32.526,0.000,0.000,379.426,0.017,3.616,11.457,164.044,107.749,,501_M0113_A_078H_1_W:110-115_1,20,131.09,fine sand,,"coherent sand, watery","partially filled liner, structureless sands","loose sand, disturbed",water in the liner,,,Y,,Y,Y,
501,M0113,A,81,R,1,50,56,501_M0113_A_081R_1_WR:50-56_1,IWSQ1,134.99,26.12,,7.74,3.23,,441.962,8.129,0.681,0.148,367.900,0.160,11.617,15.667,4.701,16.282,30.654,0.000,0.156,383.732,0.222,0.000,8.777,175.578,113.479,,501_M0113_A_081R_1_WR:50-56_1,20,134.99,silt,none,above: alternating finer and coarser layers,coherent above,compacted (not hard) sandy silt,water in the liner,,,,,,,
501,M0113,A,84,R,1,63,70,501_M0113_A_084R_1_WR:63-70_1,IWSQ2,139.62,26.56,,7.68,3.12,0.000,,,,,,,,,,,,,,,,,,,,,501_M0113_A_084R_1_WR:63-70_1,280,139.62,silt,none,"above sandy silt, watery",coherent above disturbed below,compacted (not hard) sandy silt,lot of water in the liner,,,,,,,
501,M0113,A,85,R,1,144,150,501_M0113_A_085R_1_WR:144-150_1,IWSQ3,141.93,26.83,,7.77,3.00,,,,,,,,,,,,,,,,,,,,,,501_M0113_A_085R_1_WR:144-150_1,240,141.93,clay,moderate,above: clay with some horizontal cracks,coherent above and below,compacted (not hard) silt,water in the liner,,,,,,,
501,M0113,A,86,R,1,94,100,501_M0113_A_086R_1_WR:94-100_1,IWSQ1,144.43,27.04,,7.53,2.85,,456.928,8.631,0.703,0.000,372.155,0.211,13.241,36.473,4.414,15.418,32.460,0.000,0.000,392.084,0.528,0.000,9.170,201.424,125.770,,501_M0113_A_086R_1_WR:94-100_1,240,144.43,silt,none,"above: coherent, but some gaps between liner and sediment","coherent above, gaps in liner below",compacted (not hard) sandy silt,water in the liner,,,,,,,
501,M0113,A,87,R,1,94,100,501_M0113_A_087R_1_WR:94-100_1,IWSQ2,147.43,26.99,,7.60,2.69,0.000,460.451,8.301,0.710,,,,,,,,,,,,,,,,,,501_M0113_A_087R_1_WR:94-100_1,240,147.43,clay,,above: coherent and consolidated,coherent above,compacted (not hard) silt,water in the liner,,,,,,,
501,M0113,A,88,R,1,144,150,501_M0113_A_088R_1_WR:144-150_1,IWSQ3,149.93,28.45,,7.58,2.79,,,,,,,,,,,,,,,,,,,,,,501_M0113_A_088R_1_WR:144-150_1,240,149.93,clay,slight,"above: coherent, further above few water inlets","coherent, pockets of poorly filled liner",compacted (not hard) sandy silt,water in the liner,,,,,,,
501,M0113,A,90,R,1,89,95,501_M0113_A_090R_1_WR:89-95_1,IWSQ1,153.58,27.57,,7.73,3.07,,462.343,8.314,0.716,0.259,333.395,0.146,14.753,33.733,4.332,20.605,33.036,0.200,0.010,381.296,0.290,0.000,8.858,188.893,136.156,,501_M0113_A_090R_1_WR:89-95_1,20,153.58,silt,moderate,above: coherent and consolidated,coherent above and below,compacted (not hard) sandy silt,water in the liner,,,,,,,
501,M0113,A,95,R,1,32,39,501_M0113_A_095R_1_WR:32-39_1,IWSQ2,164.81,27.57,0.82,7.81,3.00,0.000,,,,,,,,,,,,,,,,,,,,,501_M0113_A_095R_1_WR:32-39_1,20,164.81,silt,none,"above: coherent and consolidated, very few larger grains",coherent above,compacted (not hard) sandy silt,water in the liner,,,,,,,
501,M0113,A,97,R,1,139,145,501_M0113_A_097R_1_WR:139-145_1,IWSQ3,168.88,27.74,0.85,7.82,2.92,,,,,,,,,,,,,,,,,,,,,,501_M0113_A_097R_1_WR:139-145_1,240,168.88,silt,none,above: coherent and consolidated,coherent above,compacted (not hard) silty sand,water in the liner,,,,,,,
501,M0113,A,99,R,1,94,100,501_M0113_A_099R_1_WR:94-100_1,IWSQ1,171.43,27.68,,7.86,2.65,,461.383,10.364,0.715,0.519,227.475,0.095,15.931,1.468,5.404,26.801,32.674,0.783,0.125,390.387,0.699,0.969,10.774,129.797,147.113,,501_M0113_A_099R_1_WR:94-100_1,240,171.43,silt,none,above: coherent and consolidated,coherent above,compacted (not hard) sandy silt,water in the liner,,,,,,,
501,M0113,A,102,R,1,84,90,501_M0113_A_102R_1_WR:84-90_1,IWSQ2,175.83,27.79,0.87,7.83,2.76,0.000,,,,,,,,,,,,,,,,,,,,,501_M0113_A_102R_1_WR:84-90_1,240,175.83,silt,none,above: coherent and consolidated,coherent above and below,compacted (not hard) sandy silt,lot of water in the liner,,,,,,,
501,M0113,A,104,R,1,140,146,501_M0113_A_104R_1_WR:140-146_1,IWSQ3,179.39,27.42,,7.93,2.75,,,,,,,,,,,,,,,,,,,,,,501_M0113_A_104R_1_WR:140-146_1,240,179.39,silt,slight,above: coherent and consolidated,coherent above and below,compacted (not hard) sandy silt,"properly filled, still some water visible",,,,,,,
501,M0113,A,107,R,1,94,100,501_M0113_A_107R_1_WR:94-100_1,IWSQ1,186.43,28.40,,7.77,2.53,0.000,470.621,13.169,0.722,0.185,199.537,0.131,16.542,1.200,6.307,25.937,33.509,0.419,0.532,404.959,0.187,0.000,13.497,123.567,157.498,,501_M0113_A_107R_1_WR:94-100_1,6,186.43,silt,none,above: coherent and consolidated,coherent above and below,compacted (not hard) sandy silt,"properly filled, still some water visible",,,,,,,
501,M0113,A,110,R,1,92,99,501_M0113_A_110R_1_WR:92-99_1,IWSQ2,190.91,27.26,0.73,7.87,2.61,0.000,,,,,,,,,,,,,,,,,,,,,501_M0113_A_110R_1_WR:92-99_1,20,190.91,silt,none,above: coherent and consolidated,coherent above and below,compacted (not hard) sandy silt,water in the liner,,,,,,,
501,M0113,A,117,R,1,40,45,501_M0113_A_117R_1_WR:40-45_1,IWSQ3,200.89,26.08,,8.02,2.50,,,,,,,,,,,,,,,,,,,,,,501_M0113_A_117R_1_WR:40-45_1,20,200.89,silt,slight,"above: coherent, bit watery at the bottom",coherent above and below,compacted (not hard) sandy silt,water in the liner,,,,,,,
501,M0113,A,120,R,1,51,58,501_M0113_A_120R_1_WR:51-58_1,IWSQ1,205.5,25.00,,7.92,2.57,,,,,,,,,,,,,,,,,,,,,,501_M0113_A_120R_1_WR:51-58_1,20,205.5,silt,slight,above: coherent and consolidated,coherent,compacted (not hard) sandy silt,lot of water in the liner,,,,,,,
501,M0113,A,124,R,1,93,100,501_M0113_A_124R_1_W:93-100_1,IWSQ2,211.92,23.27,0.46,8.06,2.66,0.000,391.611,12.812,0.597,,,,,,,,,,,,,,,,,,501_M0113_A_124R_1_W:93-100_1,280,211.92,silt,slight,above: coherent and consolidated,coherent,compacted (not hard) sandy silt,water in the liner,,,,,,,
501,M0113,A,128,R,1,24,30,501_M0113_A_128R_1_WR:24-30_1,IWSQ3,217.71,23.81,,8.38,1.83,,,,,0.964,133.210,0.000,10.414,0.000,8.650,16.715,25.056,0.000,0.521,354.067,0.716,0.517,14.959,54.290,124.515,,501_M0113_A_128R_1_WR:24-30_1,240,217.71,fine sand,slight,"above: wet sediments, turbated","blocky, coherent just above, possible distrubed below",compacted (not hard) alternation of sand and silt,water in the liner,,,Y?,,Y,Y,"If the sample section is composed mainly of sand, contamination may be occurred."
501,M0113,A,132,R,1,145,151,501_M0113_A_132R_1_WR:145-151_1,IWSQ1,220.89,27.60,,8.22,2.06,,450.974,19.708,0.670,0.297,144.033,0.160,11.485,0.000,9.811,19.308,32.419,0.000,0.907,398.391,0.341,0.000,19.576,62.335,125.885,,501_M0113_A_132R_1_WR:145-151_1,240,220.89,silt,slight,"above: coherent and consolidated, but broken edge",coherent above and below,"compacted (not hard) sandy silt, may be disturbed",water in the liner,,,,,,,"If the preparation (core shaving) was done appropreately, contamination not occurred."
501,M0113,A,135,R,1,144,150,501_M0113_A_135R_1_WR:144-150_1,IWSQ2,225.93,21.98,,8.16,1.66,,,,,,,,,,,,,,,,,,,,,,501_M0113_A_135R_1_WR:144-150_1,20,225.93,silt,none,above: coherent and consolidated,coherent above and below,compacted (not hard) silty sand,water in the liner,,,,,,,
501,M0113,A,136,R,1,103,110,501_M0113_A_136R_1_WR:103-110_1,IWSQ3,228.52,21.06,,8.08,1.67,,,,,,,,,,,,,,,,,,,,,,501_M0113_A_136R_1_WR:103-110_1,20,228.52,clay,moderate,"above: coherent and consolidated, but some material missing at the liner",coherent above and below,compacted (not hard) silt,water in the liner,,,,,,,
501,M0113,A,140,R,1,96,102,501_M0113_A_140R_1_WR:96-102_1,IWSQ1,233.82,19.22,,8.04,2.31,0.000,319.282,14.533,0.490,0.334,230.527,0.000,7.535,1.504,6.018,18.732,20.029,0.000,0.928,295.433,1.244,0.000,14.788,222.855,97.261,,501_M0113_A_140R_1_WR:96-102_1,20,233.82,silt,none,above: coherent and consolidated,coherent above and below,compacted (not hard) sandy silt,water in the liner,,,,,,,
501,M0113,A,142,R,1,143,150,501_M0113_A_142R_1_WR:143-150_1,IWSQ2,236.42,18.79,0.33,8.30,2.21,,,,,,,,,,,,,,,,,,,,,,501_M0113_A_142R_1_WR:143-150_1,20,236.42,silt,slight,above: coherent and consolidated,coherent above and below,compacted (not hard) sandy silt,water in the liner,,,,,,,
501,M0113,A,144,R,1,86,91,501_M0113_A_144R_1_WR:86-91_1,IWSQ3,237.35,16.14,,8.23,3.17,,,,,,,,,,,,,,,,,,,,,,501_M0113_A_144R_1_WR:86-91_1,20,237.35,clay,slight,above: coherent and consolidated,coherent above and below,compacted (not hard) sandy silt,water in the liner,,,,,,,
501,M0113,A,148,R,1,94,100,501_M0113_A_148R_1_WR:94-100_1,IWSQ1,243.43,16.47,,8.10,2.22,,,,,,,,,,,,,,,,,,,,,,501_M0113_A_148R_1_WR:94-100_1,240,243.43,clay,moderate,"above: coherent and consolidated, tiny horizontal cracks",coherent above and below,compacted (not hard) sandy silt,water in the liner,,,,,,,
501,M0113,A,151,R,1,94,100,501_M0113_A_151R_1_WR:94-100_1,IWSQ2,247.93,14.69,,8.04,2.94,,,,,,,,,,,,,,,,,,,,,,501_M0113_A_151R_1_WR:94-100_1,240,247.93,medium sand,none,above: coherent,coherent sands,compacted (not hard) sandy silt,"proper filled, still some water",,,,,,,
501,M0113,A,156,H,1,85,90,501_M0113_A_156H_1_WR:85-90_1,IWRH3,253.84,15.69,,7.94,5.81,,,,,,,,,,,,,,,,,,,,,,501_M0113_A_156H_1_WR:85-90_1,20,253.84,coarse sand,moderate,"loose sand, watery","loose, partial fill","sand, disturbed",water in the liner,,Y,Y,,Y,Y,
501,M0113,A,157,H,2,60,65,501_M0113_A_157H_2_WR:60-65_1,IWRHx,256.25,18.21,0.27,7.90,4.86,0.000,251.436,10.101,0.376,0.519,364.755,0.000,5.075,21.683,4.450,17.579,14.998,0.000,0.000,243.802,1.005,0.000,10.580,132.289,72.461,,501_M0113_A_157H_2_WR:60-65_1,20,256.25,coarse sand,none,loose sand?,"loose, partial fill","loose sand, disturbed",water in the liner,,Y,Y,,Y,Y,
501,M0113,A,159,H,1,70,75,501_M0113_A_159H_1_WR:70-75_1,IWRH1,257.26,29.20,0.04,7.90,3.92,,449.671,21.944,0.660,,,,,,,,,,,,,,,,,,501_M0113_A_159H_1_WR:70-75_1,20,257.26,coarse sand,moderate,watery,"loose, partial fill","loose sand, highly disturbed",lot of water in the liner,Y,,Y,Y,,YY,
501,M0113,A,163,H,1,60,65,501_M0113_A_163H_1_WR:60-65_1,IWRHx,262.23,20.67,,8.00,4.80,,,,,0.593,363.460,0.000,7.131,17.278,6.064,19.308,25.376,0.000,0.000,311.005,0.000,0.000,15.680,99.715,86.373,,501_M0113_A_163H_1_WR:60-65_1,20,262.23,coarse sand,moderate,"loose sand, watery","loose, partial fill","loose sand, disturbed",lot of water in the liner,Y,,Y,Y,,YY,
501,M0113,A,166,H,1,75,80,501_M0113_A_166H_1_WR:75-80_1,IWRHx,265.81,25.73,,7.90,3.82,,404.328,19.574,0.597,0.000,365.772,0.000,9.094,27.108,6.691,17.579,34.702,0.000,0.000,354.458,0.647,2.971,19.794,92.524,105.980,,501_M0113_A_166H_1_WR:75-80_1,20,265.81,medium sand,slight,watery,"loose, partial fill","loose sand, highly disturbed",lot of water in the liner,Y,,Y,Y,,YY,
501,M0113,A,168,H,2,11,16,501_M0113_A_168H_1_WR:11-16_1,IWRHx,269.14,18.52,0.25,7.85,5.23,0.000,286.096,13.199,0.433,0.074,399.167,0.000,6.652,26.911,5.161,27.378,20.329,0.000,0.000,271.901,0.000,0.000,13.593,139.160,98.904,,501_M0113_A_168H_1_WR:11-16_1,20,269.14,medium sand,slight,cracks in samplingarea (from Rhizone?),"small gaps, possible fluid path, rhizon caused?","sand, slightly disturbed",water in the liner,,Y,Y?,,Y,Y,
501,M0113,A,172,H,2,80,85,501_M0113_A_172H_2_WR:80-85_1,IWRHx,275.78,17.95,0.22,7.88,4.97,0.000,282.061,13.925,0.434,0.111,429.325,0.000,6.502,28.147,4.816,20.749,20.757,0.000,0.000,271.553,0.869,0.000,14.426,122.392,100.982,,501_M0113_A_172H_2_WR:80-85_1,20,275.78,sand ,slight,watery,"soft, partial fill 5 cm above WR, coherent below","sand, highly disturbed",water in the liner,,Y,Y,,Y,Y,
501,M0113,A,177,H,1,15,20,501_M0113_A_177H_1_WR:15-20_1,IWRH1,281.64,19.10,0.21,7.78,6.99,0.000,301.711,15.372,0.455,0.778,423.034,0.000,7.223,50.850,4.706,19.452,22.995,0.000,0.000,280.948,0.511,0.646,15.789,117.729,114.129,,501_M0113_A_177H_1_WR:15-20_1,20,281.64,coarse sand,moderate,"sunken in, some water","fairly coherent, structurelss","loose sand, disturbed",lot of water in the liner,,,Y,,Y,Y,
501,M0113,A,179,H,1,48,53,501_M0113_A_179H_1_WR:48-53_1,IWRHx,285.27,24.04,,7.86,5.21,,381.347,18.850,0.566,0.074,364.847,0.167,8.421,39.517,5.765,19.452,29.124,0.528,0.115,315.572,0.341,4.456,17.770,92.168,106.391,,501_M0113_A_179H_1_WR:48-53_1,20,285.27,silt,none,"quite some disturbance, sampling interval material missing and looks like sad, above and below silt","washed out in sampling interval, rhizon or splitting? ","compacted (not hard) sand, @51-61cm highly disturbed",no core 179 (maybe 180?),Y,,Y,Y,,YY,
501,M0113,A,185,H,1,75,80,501_M0113_A_185H_1_WR:75-80_1,IWRHx,292.94,21.85,0.20,7.48,5.12,0.000,350.674,18.530,0.530,0.890,423.867,0.000,9.107,41.486,5.514,22.767,27.639,0.000,0.000,314.441,0.341,0.000,18.774,107.939,141.292,,501_M0113_A_185H_1_WR:75-80_1,20,292.94,coarse sand,moderate,sunken in and mixed?,"partial filled liner, ","sand, highly disturbed",water in the liner,Y,,Y,Y,,YY,
501,M0113,A,191,H,1,93,100,501_M0113_A_191H_1_WR:93-100_1,IWSQ2,298.92,25.39,,7.70,3.39,0.000,407.975,20.923,0.619,2.632,584.644,0.277,11.128,11.996,6.721,34.870,32.012,0.000,0.000,359.896,0.324,0.000,21.039,116.590,177.014,,501_M0113_A_191H_1_WR:93-100_1,20,298.92,,,looks quite disturbed,"disturbed above WR samples, more coherent below","compacted (not hard) sand, disturbed",quite some water in the liner,Y,,Y,Y,,YY,"If the preparation (core shaving) was done appropreately, contamination not occurred."
501,M0113,A,200,R,1,61,66,501_M0113_A_200R_1_WR:61-66_1,IWSQ3,307.07,27.88,,7.83,3.59,,,,,,,,,,,,,,,,,,,,,,501_M0113_A_200R_1_WR:61-66_1,20,307.07,,,"coherent but some areas missing, small cracks",coherent above and below,"compacted (not hard) sandy silt, disturbed",water in the liner,Y,,Y,Y,,YY,"If the preparation (core shaving) was done appropreately, contamination not occurred."
501,M0113,A,201,R,1,40,45,501_M0113_A_201R_1_WR:40-45_1,IWSQ1,308.89,28.15,,7.85,3.22,,452.951,21.209,0.686,0.185,413.691,0.248,11.806,2.274,7.309,27.378,31.785,0.291,0.156,370.422,0.102,0.775,19.991,76.326,197.215,,501_M0113_A_201R_1_WR:40-45_1,200,308.89,,,coherent,coherent above and below,compacted (not hard) silty sand,water in the liner,Y,,Y,Y,,YY,"If the preparation (core shaving) was done appropreately, contamination not occurred."
501,M0113,A,203,R,1,93,100,501_M0113_A_203R_1_WR:93-100_1,IWSQ2,313.92,28.86,0.20,7.74,3.02,0.000,469.309,21.432,0.708,0.593,685.846,0.000,13.428,0.107,7.747,31.556,35.841,0.000,0.094,416.094,0.392,0.000,21.547,68.459,226.546,,501_M0113_A_203R_1_WR:93-100_1,280,313.92,,,quite some variation/ disturbance? layering or bisquits?,"lamination- cross bedding looks primary, sand washed away in places (splitting?)",compacted (not hard) silty sand,water in the liner,Y,,Y,Y,,YY,"If the preparation (core shaving) was done appropreately, contamination not occurred."
501,M0113,A,205,R,1,94,100,501_M0113_A_205R_1_WR:94-100_1,IWSQ3,316.93,28.97,0.20,7.76,3.77,,,,,,,,,,,,,,,,,,,,,,501_M0113_A_205R_1_WR:94-100_1,6,316.93,,,quite some variation/ disturbance? layering or bisquits?,"blocky distrubence, not clearly coherent",compacted (not hard) silty sand,water in the liner,Y,,Y,Y,,YY,"If the preparation (core shaving) was done appropreately, contamination not occurred."
501,M0113,A,207,R,1,94,100,501_M0113_A_207R_1_WR:94-100_1,IWSQ1,319.93,29.83,,7.76,3.33,,480.796,21.267,0.728,0.185,592.507,0.000,13.625,0.322,7.701,32.565,36.565,0.000,0.167,425.228,0.051,1.162,21.388,97.579,236.476,,501_M0113_A_207R_1_WR:94-100_1,20,319.93,,,"coherent, some material missing","blocks missing above, coherent below","compacted (not hard) sandy silt, disturbed",water in the liner,Y,,Y,Y,,YY,"If the preparation (core shaving) was done appropreately, contamination not occurred."
501,M0113,A,209,R,1,130,135,501_M0113_A_209R_1_WR:130-135_1,IWRH2,323.29,29.32,,7.87,3.69,0.000,,,,,,,,,,,,,,,,,,,,,501_M0113_A_209R_1_WR:130-135_1,20,323.29,,,sunken in,"structureless sand, partial fill",coarse sand,water in the liner,Y,,Y,Y,,YY,may be contaminated
501,M0113,A,210,R,1,46,52,501_M0113_A_210R_1_WR:46-52_1,IWSQ3,323.95,30.48,,7.84,3.41,,494.283,21.666,0.752,,,,,,,,,,,,,,,,,,501_M0113_A_210R_1_WR:46-52_1,20,323.95,,,"sunken in, mixed? ","coherent, some washed off surface, likely during splitting",compacted (not hard) silty sand,water in the liner,Y,,Y,Y,,YY,"If the preparation (core shaving) was done appropreately, contamination not occurred."
